Movie,Tropes,Movie_strip,year,imdb_
Malcolm," AmbiguousDisorder,AndStarring,AustralianMovies,BasementDweller,BriefcaseFullOfMoney,CharacterTitle,CoolCar,FilmsOfThe1980s,FingerGun,FreudianExcuse,FruitCart,GeniusDitz,GetawayDriver,MissingMom,ObfuscatingStupidity,PollyWantsAMicroPhone,PollyWantsAMicrophone,RubeGoldbergDevice,TalkingBird,TapOnTheHead,TitleCharacter,TropicalEpilogue,WeaponisedCar,WeaponizedCar",Malcolm,,0212671
Mister  Lonely," BastardBoyfriend,BestialityIsDepraved,BittersweetEnding,BritishFilms,CelebrityImpersonator,CharlieChaplinShoutOut,Corpsing,CrapsaccharineWorld,DareToBeBadass,DeathByIrony,Deconstruction,DespairEventHorizon,DesperatelyLookingForAPurposeInLife,DiscussedTrope,DivineIntervention,DownerEnding,DrivenToSuicide,DrowningMySorrows,DudeNotFunny,EmbarrassinglyPainfulSunburn,FilmsOf20052009,FourLinesAllWaiting,GenkiGirl,GodwinsLaw,HopeSpot,IJustWantToBeSpecial,IrishMedia,Jerkass,LadySwearsALot,LadySwearsaLot,LadySwearsalot,LetsPutOnAShow,LighterAndSofter,ManicPixieDreamGirl,ManicPixieDreamGuy,ManicPixieDreamgirl,MaybeMagicMaybeMundane,NotEvenBotheringWithTheAccent,OnlyKnownByTheirNickname,PrecisionFStrike,RealLifeRelative,SceneryPorn,SeriousBusiness,ShoutOut,SirSwearsALot,SirSwearsAlot,SirSwearsaLot,SirSwearsalot,StepfordSmiler,ThatRemindsMeOfASong,TheCameo,TheReasonYouSuckSpeech,TitleCard,ToAbsentFriends,UnusualEuphemism,WeAllDieSomeday,WhamShot,WhateverHappenedToTheMouse,YankTheDogsChain,YouAreNotAlone",Mister Lonely,,0475984
Stark  Love," AbhorrentAdmirer,DistressedDude,DueToTheDead,FilmsOfThe1920s,Foreshadowing,FunetikAksent,KubrickStare,NeverLearnedToRead,NonActionGuy,RegionalRiff,SarcasmMode,SavageSouth,ScareQuotes,SceneryPorn,SexSlave,TheSavageSouth,Tomboy,ToplessFromTheBack,ToplessnessFromTheBack,ToplessnessFromtheBack",Stark Love,,0018446
According  To  Greta," AbusiveParents,AllergicToRoutine,AlwaysSaveTheGirl,AntiHero,AwLookTheyReallyDoLoveEachOther,BookSmart,BrattyTeenageDaughter,BroodingBoyGentleGirl,CassandraTruth,CelibateHero,CharacterDevelopment,ComingOfAgeStory,ConflictBall,DaddysGirl,DarkAndTroubledPast,DarkerAndEdgier,DeadpanSnarker,DefrostingIceQueen,Determinator,DidIJustSayThatOutLoud,DiggingYourselfDeeper,Dismotivation,DontYouDarePityMe,DrivenToSuicide,DysfunctionJunction,DysfunctionalFamily,EarnYourHappyEnding,EmotionlessGirl,FilmsOf20052009,GenderBlenderName,HairTriggerTemper,HatesEveryoneEqually,HotterAndSexier,ICanChangeMyBeloved,ItsAllAboutMe,JerkWithAHeartOfGold,Joisey,LovableAlphaBitch,MeddlingParents,MoodSwinger,NeverMyFault,NoodleIncident,NotGoodWithPeople,ParentalAbandonment,ParentalBonus,SavvyGuyEnergeticGirl,SexAsRiteOfPassage,SoundtrackDissonance,SourOutsideSadInside,SpiritualSuccessor,StoppedCaring,SurvivorGuilt,TeensAreMonsters,TheEeyore,TheOphelia,TheReasonYouSuckSpeech,TheSlacker,TheSociopath,ThingsGetReal,WhereDidWeGoWrong,WhyDidYouMakeMeHitYou,WoundedGazelleGambit",According To Greta,,1059925
Eyes  Wide  Shut," ALadyOnEachArm,APartyAlsoKnownAsAnOrgy,APartyAlsoKnownasAnOrgy,AdaptationExpansion,AddedAlliterativeAppeal,AdvertisedExtra,AllJustADream,AllThereInTheScript,AmbiguouslyBi,ArcSymbol,AuteurLicence,AuteurLicense,BeautyIsNeverTarnished,BigFancyHouse,BluffTheImposter,BluffTheImpostor,BreakInThreat,CaliforniaDoubling,CampGay,ColorWash,CoupleBomb,CreatorCameo,CreepyGood,Cuckold,Cult,DeconstructedTrope,DidIMentionItsChristmas,DisposableSexWorker,DisposableSexworker,DullSurprise,EmasculatedCuckold,EroticFilm,ExactlyWhatItSaysOnTheTin,FanDisservice,FanserviceExtra,FilleFatale,FilmsOf19951999,GainaxEnding,GoodLookingPrivates,HeKnowsTooMuch,HeroicSacrifice,HookerWithAHeartOfGold,ImpossiblyMundaneExplanation,InVinoVeritas,IncrediblyObviousTail,InspiredBy,ItWasAllADream,JailBait,KnowWhenToFoldEm,KnowWhenToFoldThem,KubrickStare,LeftTheBackgroundMusicOn,LockedRoomMystery,MagnumOpusDissonance,MalevolentMaskedMan,MalevolentMaskedMen,MalevolentMaskedWoman,MeaningfulBackgroundEvent,MindScrew,MistakenForGay,MsFanservice,NeverTrustATrailer,NiceGuy,NiceToTheWaiter,NoWomansLand,NotWearingPants,NotWearingPantsDream,NothingIsScarier,OminousLatinChanting,ParanoidThriller,PlagueDoctor,PlatonicProstitution,PlayedForDrama,PosthumousCredit,PrecisionFStrike,QuestForSex,RealLifeRelative,ReclusiveArtist,RequisiteRoyalRegalia,RetargetedLust,RevivalByCommercialization,RiddleForTheAges,RightForTheWrongReasons,RightfortheWrongReasons,RoyalCrown,RuleOfSymbolism,SceneryCensor,SchrodingersButterfly,SecretCircleOfSecrets,SeriousBusiness,Sexophone,SexySpectacles,ShameIfSomethingHappened,ShoutOut,SoaplandChristmas,SorryILeftTheBGMON,SorryILeftTheBGMOn,SorryILefttheBGMOn,SpottingTheThread,StreetWalker,Streetwalker,SubvertedTrope,SuspiciouslySpecificDenial,SymbolMotifClothing,Tagline,TheBigRottenApple,TheConspiracy,TheFilmOfTheBook,TheIlluminati,TheNineties,TheUnReveal,TwistedChristmas,UnknownCharacter,VancouverDoubling,WhatHappenedToTheMouse,WhiteMaskOfDoom,WickedCultured,YouNeedToGetLaid",Eyes Wide Shut,,0120663
Is  It  The  Design  On  The  Wrapper," AllLowercaseLetters,CreditsGag,ExtremelyShortTimespan,FilmsOf19951999,FramingDevice,NamelessNarrative,NoFourthWall,OffIntoTheDistanceEnding,ParentalNeglect,QuestioningTitle,TitleDrop",Is It The Design On The Wrapper,,0119387
Seventeen  Again," AccidentalMurder,ActorAllusion,AdultsAreUseless,AfricanAmericanMedia,AlphaBitch,BelligerentSexualTension,BigEater,DanceOfRomance,DivorceIsTemporary,EvilDetectingDog,FilmsOf20002004,FirstGirlWins,IMissMom,IdenticalGrandson,ImpossiblyMundaneExplanation,ItIsPronouncedTroPAY,Jerkass,JerkassHasAPoint,LampshadeHanging,MadeForTV,MadeForTVMovie,MadeForTv,MadeForTvMovie,MySisterIsOffLimits,PoliceAreUseless,PrettyFlyForAWhiteGuy,SecretTestOfCharacter,SocietyMarchesOn,TVMovie,TheCasanova,TheReasonYouSuckSpeech,ViolenceReallyIsTheAnswer,Wangst,WhatTheHellHero,WickedStepmother",Seventeen Again,2000,0974661
The  Milky  Way," AccidentalAthlete,AsYouKnow,BumblingSidekick,ChekhovsGun,CoolPet,DeadpanSnarker,DoubleKO,DoubleKnockOut,DoubleKnockout,ExtraExtraReadAllAboutIt,FilmsOfThe1930s,FinishDialogueInUnison,HiccupHijinks,MeetCute,RealLife,SexyBacklessOutfit,SportsStories,SportsStory,ThrowingTheFight,ThrowingTheMatch",The Milky Way,,0066534
Cry  Havoc," CaptainSmoothAndSergeantRough,ChromosomeCasting,CompleteTheQuoteTitle,DeadpanSnarker,DownerEnding,EnsembleCast,FilmsOfThe1940s,GoodLookingPrivates,IntroDump,MoodWhiplash,ObligatoryWarCrimeScene,OffIntoTheDistanceEnding,ShoutOutToShakespeare,TheDitz,TheVoice,ThousandYardStare,TomboyishName,WorksSetInWorldWarII,YourDaysAreNumbered",Cry Havoc,,12158538
Stand  Clear  Of  The  Closing  Doors," AccidentalMisnaming,AdultFear,AnImmigrantsTale,AndStarring,AutismInMedia,BilingualConversation,BilingualDialogue,BrokenRecord,CliffhangerCopout,DisappearedDad,DisappointedInYou,Doomsayer,DoorSlamOfRage,ExiledToTheCouch,FilmsOf20102014,FistBump,FiveFiveFive,FoodSlap,ForceFeeding,GoToYourRoom,HandOrObjectUnderwear,HandshakeSubstitute,LatinoAmericanMedia,LensFlare,MarriedToTheJob,MarriedtoTheJob,MarriedtoThejob,MarriedtotheJob,NoMedicationForMe,NostalgiaFilter,NostalgiaGoggles,PottyFailure,RailEnthusiast,SensoryOverload,SkippingSchool,TheEighties,TheEndIsNigh,TheGoodOldDays,TheNewTens,TheRunAway,TheRunaway,TitleDrop,TwentyMinutesIntoTHePast,TwentyMinutesIntoThePast",Stand Clear Of The Closing Doors,,2405372
Paradise," ADateWithRosiePalms,ADateWithrosiePalms,AllMenArePerverts,AllWomenArePrudes,AmbiguousSyntax,ArabianNightsDays,ArtisticLicenceBiology,ArtisticLicenseReligion,AsTheGoodBookSays,BabiesEverAfter,BadassPreacher,BatheHerAndBringHerToMe,BellyDancer,BigBad,BookBurning,CanadianMovies,ChildrenAreInnocent,EarnYourHappyEnding,EvenTheDogIsAshamed,EverythingsBetterWithMonkeys,Facepalm,FamousLastWords,FilmsOfThe1980s,GodivaHair,IAmVeryBritish,MisplacedWildlife,NippleAndDimed,NotEvenBotheringWithTheAccent,OldTimeyAnkleTaboo,OneWordTitle,OurNudityIsDifferent,PapaWolf,Paradise,PlayedForLaughs,Robinsonade,SexSlave,TeamPet,TeenPregnancy,TookALevelInBadass,VileVillainSaccharineShow,WaterfallShower,WildernessSurvivalPlot",Paradise,,1888075
Good  Girls  Go  To  Paris," CallingTheOldManOut,FilmsOfThe1930s,GoldDigger,GrumpyOldMan,PairTheSpares,RomanticFalseLead,ShesGotLegs,TitleDrop,UptownGirl,WaitingForABreak",Good Girls Go To Paris,,0031383
Catch  Me  If  You  Can," ALadyOnEachArm,AbortionFalloutDrama,AbusiveParents,ActorAllusion,ActuallyPrettyFunny,AdaptedOut,AnachronicOrder,AnachronismStew,AnimatedCreditsOpening,AntiVillain,AntiWarMovie,ArcWords,ArsonMurderAndJaywalking,ArtisticLicenseGunSafety,ArtisticLicenseLaw,AsYouKnow,AtonementDetective,AwesomenessByAnalysis,BaitAndSwitch,BasedOnAGreatBigLie,BathroomBreakOut,BathroomBreakout,BavarianFireDrill,BavarianFiredrill,Beat,BeatThemAtTheirOwnGame,BioPic,Biopic,BlackAndWhiteMorality,BluffTheImposter,BluffTheImpostor,BoxedCrook,BrickJoke,BriefcaseFullOfMoney,BrilliantButLazy,BrokenAesop,CaliforniaDoubling,CandyStriper,CassandraTruth,CharacterNameAlias,CheeseEatingSurrenderMonkey,CheeseEatingSurrenderMonkeys,ChekhovsGun,ChewOutFakeOut,ChronicVillainy,ComicallyMissingThePoint,CompositeCharacter,ConGame,ConMan,ConsolationAward,ConsummateLiar,ConsummateProfessional,ContemplateOurNavels,CriminalMindGames,CutLexLuthorACheck,CuteGlassesBoy,CuteGlassesGirl,DawsonCasting,DeathByFallIngOver,DeathByFallingOver,DeliberateValuesDissonance,DeskJockey,Determinator,DidNotGetTheGirl,DistractedByTheSexy,DistractingWithTheSexy,DoNotDoThisCoolThing,DoWrongRight,DoctorDoctorDoctor,DontDoThisCoolThing,DoubleSubverted,DuelingStarsMovie,EndingFatigue,EurekaMoment,FailedASpotCheck,FashionModel,FauxRetro,FilmsOf20002004,FiveSecondForeshadowing,Foreshadowing,FreakierThanFiction,FreeRangeChildren,FreudianExcuse,FreudianExcuseDenial,FreudianExcuseIsNoExcuse,FriendlyEnemy,GameShowAppearance,GenreBuster,GenreBusting,GenreThrowback,GlassesGirl,GoodForBad,HahvahdYahdInMyCah,HellHolePrison,HeroAntagonist,HighClassCallGirl,HighClassCallgirl,HighClassSexWorker,HighSchoolHustler,HollywoodNewEngland,Homage,HowWeGotHere,IAmOneOfThoseToo,IHaveNoSon,INeverSaidItWasPoison,IToldYouSo,IgnoredConfession,ImmodestOrgasm,ImprobableAge,InMediasRes,InspectorAntagonist,InspectorZenigata,InvestigatorImpersonation,ItsForABook,JerkWithAHeartOfGold,JustifiedCriminal,KickTheDog,KnockKnockJoke,LanguageBarrier,LostInACrowd,LovableRogue,LoveInterest,LoveableRogue,ManlyTears,MegaNekko,Meganekko,MexicansLoveSpeedyGonzales,MinorCharacterMajorSong,MissedHimByThatMuch,NavelGazing,NewEngland,NoSenseOfHumor,NoSenseOfHumour,OlderThanTheyThink,OneDialogueTwoConversations,OneSongWonder,OutOfGenreExperience,PapaWolf,ParentalObliviousness,ParentsAsPeople,Pastiche,PreMeeting,PrecisionFStrike,PrettyInMink,PyrrhicVillainy,RETRAUX,ReTraux,RealLife,RealPersonCameo,RealityEnsues,ReasonableAuthorityFigure,RecordNeedleScratch,RecruitingTheCriminal,RecycledSet,RedSockRuinsTheLaundry,ReformedButRejected,ReformedCriminal,RefugeInAudacity,Retraux,Retreaux,RightUnderTheirNoses,RuleOfCool,RuleOfDrama,RunningGag,SavingTheOrphanage,SavingtheOrphanage,ScammingTheBereaved,ScreenToStageAdaptation,ScreentoStageAdaptation,SexyManInstantHarem,SexyStewardess,SherlockScan,Sherlockscan,ShoutOut,ShowSomeLeg,SickCaptiveScam,SillyPrayer,Squick,StatingTheSimpleSolution,SubvertedTrope,SuspiciousSpending,SympatheticCriminal,SympatheticInspectorAntagonist,TeenGenius,ThatsWhatIWouldDo,TheBigBoard,TheCasanova,TheComicallySerious,TheCon,TheImmodestORGASM,TheImmodestOrgasm,ThePerryMasonMethod,TheSeventies,TheSixties,ThemedAliases,TitleDrop,TransferStudentUniforms,TranslationByVolume,TroubledButCute,TruffautWasRight,TruthInTelevision,TruthIsStrangerThanFiction,UnexpectedGenreChange,VancouverDoubling,VeryLooselyBasedOnATrueStory,VeryLooselyBasedOnaTrueStory,VillainProtagonist,VomitDiscretionShot,WellDoneSonGuy,WhamLine,WhatHappenedToTheMouse,WrongGenreSavvy,YouCantGoHomeAgain,YouKeepUsingThatWord,YoungerThanHeLooks,YoungerThanSheLooks,YoungerThanTheyLook",Catch Me If You Can,,0264464
Mrs  Doubtfire," ADayInHerApron,AFoolForAClient,AccentAdaptation,ActorAllusion,AdaptationTitleChange,AdaptationalContextChange,AhPea,AllGuysWantSororityWomen,AllWorkVsAllPlay,AmbiguousSyntax,AmicableExes,AmicablyDivorced,ArtisticLicense,ArtisticLicenseFilmProduction,AskAStupidQuestion,AttractiveBentGender,AvoidTheDreadedGRating,AwardBaitSong,BecomingTheMask,BigNo,BittersweetEnding,BothSidesHaveAPoint,Bowdlerise,BrickJoke,BrutalHonesty,CampGay,CannotKeepASecret,CatchPhrase,CelebrityIsOverrated,CelebrityisOverrated,ChekhovsGun,ChekhovsSkill,ChildHater,ClarkKenting,CoincidentalBroadcast,CompensatingForSomething,ContractualPurity,ContrivedCoincidence,CoolAndUnusualPunishment,Corpsing,CosmeticHorror,CostumeTestMontage,CrazyJealousGuy,CreepyCrossDresser,CreepyCrossdresser,DadsCantCook,DamnedByFaintPraise,DawsonCasting,DeadpanSnarker,DeathGlare,DemotedToExtra,DesignatedAntagonist,DesignatedVillain,DeusExMachina,DidntThinkThisThrough,DifferentForGirls,DiscreditedMeme,Discreditedmeme,DisguisedInDrag,DisguisedinDrag,DisneyAcidSequence,DisneylandDad,DisposableFiance,DisposableFiancee,DistractingWithTheSexy,DivorceIsTemporary,DoubleEntendre,DoubleMeaningTitle,DoubleSubverted,DudeNotFunny,EdibleAmmunition,EdibleBludgeon,ElevenOClockNumber,EstablishingCharacterMoment,ExtremeOmniGoat,ExtremeOmnigoat,FakeOutOpening,FakeoutOpening,FalseSoulmate,FatSuit,FellAsleepCrying,FilmsOf19901994,FirstFatherWins,FlippingTheBird,Foreshadowing,FromTheMouthsOfBabes,FromtheMouthsofBabes,GamesOfTheElderly,GenderFlip,GenderFlipped,Genderflip,Genderflipped,GeniusBonus,GenreBlindness,GilliganCut,GiveMeBackMyWallet,GoneHorriblyRight,GoodIsNotSoft,HairyGirl,HardTruthAesop,HateSink,HeelRealization,HighHeelHurt,HoistByHisOwnPetard,HoldingBothSidesOfTheConversation,HollywoodCalifornia,HollywoodGenetics,HurricaneOfPuns,IAmNotSpock,IAmVeryBritish,IHaveToGoIronMyDog,IHaveToIronMyDog,IHaveToWashMyHair,IMeantToDoThat,INeedToGoIronMyDog,INeedToIronMyDog,INeedtoGoIronMyDog,INeverSaidItWasPoison,IdiotBall,IdioticPartnerConfession,InTheStyleOf,InUniverse,InnocentSwearing,InvokedTrope,IrrationalHatred,ItSAllMyFault,ItsAllMyFault,ItsAllmyFault,JerkWithAHeartOfGold,JerkassRealization,KeepItForeign,LampshadeHanging,LarynxDissonance,LastResortTakeout,LatexPerfection,LeaningOnTheFourthWall,LesYay,LethalChef,LineOfSightAlias,LiteralMetaphor,LittleBlackDress,MagicalNanny,MakeoverFairy,Manchild,MarketBasedTitle,MaybeEverAfter,MeanBoss,MenCantKeepHouse,MouseketeerSyndrome,MuggingTheMonster,MyBiologicalClockIsTicking,MyGodWhatHaveIDone,NamedByTheAdaptation,NapInducingSpeak,NeverMessWithGranny,NeverTrustATrailer,NiceGuy,NoAntagonist,NoIntelligentLifeHere,NobodyPoops,NoseNuggets,NotAMetaphor,NotEvenBotheringWithTheAccent,ObliviousMockery,OffToBoardingSchool,OhCrap,OneLastSmoke,OohMeAccentsSlipping,OppositesAttract,OutOfJobIntoThePlot,ParallelPornTitles,ParasolParachute,ParentWithNewParamour,ParentheticalSwearing,ParentwithNewParamour,PlayingAgainstType,PorkyPigPronunciation,PornParody,PrecisionFStrike,PrisonersOfPollyAnna,ProducePelting,PropRecycling,RageBreakingPoint,RandomSmokingScene,RatedGForGangsta,RealityEnsues,ReasonableAuthorityFigure,ReceivedPronunciation,ReportsOfMyDeathWereGreatlyExaggerated,RightInFrontOfMe,RiskyBusinessDance,RomComJob,RomanticFalseLead,ScreamsLikeALittleGirl,ScreenToStageAdaptation,ScreentoStageAdaptation,ScrewThisImOuttaHere,ScyllaAndCharybdis,SecretKeeper,SequelItis,Sequelitis,SettingUpdate,ShoutOut,ShowSomeLeg,ShowWithinAShow,SoMuchForStealth,StalkingIsLove,StealthInsult,StrangeMindsThinkAlike,SubvertedTrope,SuckinessIsPainful,SuspiciouslySpecificDenial,TakeFive,TakeThisJobAndShoveIt,TakingTheKids,TalkingToHimself,TamperingWithFoodAndDrink,TemporaryDivorce,TerribleIntervieweesMontage,TheElevenOClockNumber,TheOtherMarty,TheReasonYouSuckSpeech,TheWickedStage,ThrowItIn,ToiletSeatDivorce,TokenTrio,TooManyHalves,Troll,Tuckerization,TwelfthNightAdventure,TwoHitWonder,TwoTimerDate,UnsettlingGenderReveal,UnwittingInstigatorOfDoom,VillainousCrossdresser,VisitByDivorcedDad,VoiceChangeling,WhatCouldPossiblyGoWrong,WhatHappenedToTheMouse,WhatHaveIBecome,WhatTheHellHero,WhatTheHellIsThatAccent,WhatThehellIsThatAccent,WhichRestroomDilemma,WholePlotReference,WholesomeCrossdresser,WigDressAccent,WildTeenParty,WorkplaceAcquiredAbilities,YiddishAsASecondLanguage,YouRemindMeOfX",Mrs Doubtfire,,0107614
Tricky  People," AndImTheQueenOfSheba,AndImtheQueenOfSheba,Anvilicious,AwardBaitSong,BerserkButton,BigBad,BigDamnHeroes,BrokenAesop,ChildrenAreInnocent,CluelessAesop,CoolShades,CorruptCorporateExecutive,CryInToChest,CryIntoChest,EpicFail,FacePalm,FilmsOf19951999,FlatWhat,GrowingUpSucks,HateSink,IHaveYouNowMyPretty,IncrediblyLamePun,InnocenceLost,InsistentTerminology,KarmaHoudini,LargeHam,MinionWithAnFInEvil,MoodDissonance,MoodWhiplash,NamesToRunAwayFromReallyFast,NoCelebritiesWereHarmed,NumberTwoForBrains,PSA,PaedoHunt,PapaWolf,PluckyComicRelief,ProperlyParanoid,PublicServiceAnnouncement,ReCut,RealityEnsues,Rimshot,StrangerDanger,SuperStrength,TalentDouble,TheDragon,TheKlutz,TitleDrop,TooSmartForStrangers,TotallyRadical,VileVillainLaughableLackey,VileVillainSaccharineShow,WhatTheHellHero,XtremeKoolLetterz",Tricky People,,11632620
Nosferatu  The  Vampyre," AdaptationNameChange,AdaptationPersonalityChange,AdaptationalNiceGuy,AdaptationalWimp,AffablyEvil,BlatantLies,DownerEnding,Fainting,FilmsOfThe1970s,GermanFilms,HorrorFilms,LaughingMad,LooksLikeOrlock,LooksLikeOrlok,PhantasySpelling,RavenHairIvorySkin,RealityEnsues,RogerEbertGreatMoviesList,TorturedAbomination,TorturedMonster,VampireFiction,Vampirefiction,VillainousCrush,WhileRomeBurns,WhoWantsToLiveForever,YouAreTooLate",Nosferatu The Vampyre,,0079641
The  Assignment," ADarkerMe,ADateWithRosiePalms,AbandonedArea,AdultFear,AllForNothing,AllGirlsWantBadBoys,AndYourLittleDogToo,ArmorPiercingSlap,ArtisticLicenseHistory,AssholeVictim,BaitAndSwitch,BasedOnATrueStory,BatmanGambit,BeCarefulWhatYouWishFor,BeardlessProtectionProgram,BeardnessProtectionProgram,BecauseImJonesy,BecomingTheMask,BigFancyHouse,BlackAndGrayMorality,BlofeldPloy,BookEnds,BoomHeadshot,BriefAccentImitation,CameraSniper,CampingACrapper,CanadianMovies,CharacterTics,ChaseScene,ChekhovsGun,ChekhovsGunman,ChekhovsSkill,CityOfSpies,CodeName,CoitusInterruptus,ConcussionFrags,ConfrontingYourImposter,ContrivedCoincidence,CostumeCopyCat,CostumeCopycat,CruelAndUnusualDeath,DarkAndTroubledPast,DarkSide,DarkestHour,DeadpanSnarker,DisappearedDad,DissonantSerenity,DodgeByBraking,DontCallMeSir,Doppelganger,DramaticallyMissingThePoint,DrinkBasedCharacterization,DrowningMySorrows,EiffelTowerEffect,EmpathicEnvironment,EmpathyDollShot,EveryCarIsAPinto,EverybodyMustGetStoned,ExternalCombustion,FacialRecognitionSoftware,FakingTheDead,FilmsOf19951999,FireForgedFriends,FlockOfWolves,Foil,ForegoneConclusion,FreshClue,FriendOrFoe,FromBadToWorse,FruitCart,GallowsHumor,GambitPileup,GenderBlenderName,GildedCage,GoingByTheMatchbook,GoodPeopleHaveGoodSex,GoodSmokingEvilSmoking,GrapplingGun,GrapplingHookGun,GrapplingHookPistol,GrenadeHotPotato,Hallucinations,HandshakeRefusal,HappilyMarried,HeartbeatSoundtrack,HeroStoleMyBike,HighDiveEscape,HollywoodGlassCutter,HollywoodGlasscutter,HoneyPot,HoneyTrap,Honeypot,IdenticalStranger,IllKillYou,ImpostorExposingTest,InTheBack,IncompletelyTrained,IndyPloy,InsaneTrollLogic,InstitutionalAllegianceConcealment,InterruptedIntimacy,Interruptedintimacy,InvokedTrope,ItsNotYouItsMyEnemies,ItsPersonal,JustAStupidAccent,KarmaHoudini,LadyDrunk,LameComeback,LatexPerfection,LatinLover,LeaveNoManBehind,LieBackAndThinkOfEngland,LittlestCancerPatient,ManipulativeBastard,MarriedToTheJob,MathematiciansAnswer,MindScrew,MirrorMatch,MistakenNationality,ModestyBedSheet,ModestyBedsheet,MutualKill,MyGodWhatHaveIDone,MyGreatestFailure,NiceJobBreakingItHero,NoHoldsBarredBeatdown,NoKillLikeOverkill,NoOneGetsLeftBehind,NotRightInTheBed,NotSoDifferent,NotWhatItLooksLike,NothingUpMySleeve,OOCIsSeriousBusiness,OhCrap,OvertOperative,OvertRendezvous,PapaBear,PopTheTires,PullTheThread,PunctuatedForEmphasis,Ramprovisation,RapeIsASpecialKindOfEvil,RealityEnsues,RebelRelaxation,RecordNeedleScratch,RefugeInAudacity,RefusedTheCall,Revenge,RevengeBeforeReason,RightUnderTheirNoses,RogueAgent,Roofhopping,RuleOfThrees,SceneShiftCaption,SecondFaceSmoke,SecretTestOfCharacter,SevenMinuteLull,ShameIfSomethingHappened,SherlockScan,Sherlockscan,Shibboleth,ShootingGallery,SlapSlapKiss,SlasherSmile,SomethingOnlyTheyWouldSay,SpiesInAVan,SpotTheImposter,SpotTheImpostor,SpySchool,SpySpeak,SpysSuspiciousSpouse,SuddenlyShouting,SuperpoweredEvilSide,Swirlie,TalkToTheFist,TalkingToThemself,TamperingWithFoodAndDrink,TeachHimAnger,TheBait,TheEighties,TheHandler,TheLittlestCancerPatient,TheOnlyOne,ThePlan,ThrowDownTheBomblet,ToKnowHimIMustBecomeHim,TrainingFromHell,TrainingMontage,TrustPassword,TuxedoAndMartini,Ubermensch,UnflinchingFaithInTheBrakes,UriahGambit,VeryLooselyBasedOnATrueStory,WHOAREYOU,WalkIntoMordor,WaxOnWaxOff,WhamLine,WhatTheHellHero,WhiteShirtOfDeath,WhoAreYou,WhyAmITicking,WomanScorned,YouCanNeverLeave,YourApprovalFillsMeWithShame",The Assignment,1997,5034474
Prom  Night  I  V  Deliver  Us  From  Evil," AgonyOfTheFeet,AutoErotica,AxCrazy,BerthaInTheAttic,CanadianMovies,CardCarryingVillain,ContinuityNod,DemonicPossession,DoesNotLikeShoes,EvilPriest,EyeAwaken,FallingDamage,FauxYay,FelonyMisdemeanor,FilmsOfThe1990sFranchises,FinalGirl,HorrorFilms,ImpaledPalm,KissOfDeath,KnightTemplar,LingerieScene,LivingStatue,MayBeMagicMayBeMundane,MaybeMagicMaybeMundane,Mooning,MsFanservice,NeckLift,NotQuiteDead,NumberedSequels,OnceIsNotEnough,PromNight,PromWrecker,PsychoticSmirk,SequelHook,ShovelStrike,ShowerScene,SinisterMinister,SlasherFilm,SlasherMovie,StockFootage,TheCavalryArrivesLate,TheIngenue,TheScourgeOfGod,VillainBasedFranchise,WeaponOfChoice",Prom Night I V Deliver Us From Evil,,0105179
Secrets," CallBack,DeathGlare,DeathOfAChild,DistantFinale,Elopement,EnemyEatsYourLunch,EnterStageWindow,EstablishingCharacterMoment,ExactWords,Fainting,FilmsOfThe1930s,HaveAGayOldTime,HighClassGlass,KirksRock,LightFeminineAndDarkFeminine,NoPeripheralVision,OlderThanTelevision,PublicDomainFeatureFilms,SexyBacklessOutfit,TheRustler,ThreeActStructure,TitleDrop,VerbalIrony",Secrets,1933,0295297
Easy  Living," AudienceMurmurs,AutoKitchen,BigFancyHouse,BlessedWithSuck,CassandraTruth,ContrivedCoincidence,DysfunctionalFamily,ExtraExtraReadAllAboutIt,FilmsOfThe1930s,FollowThatCar,FunnyForeigner,HereWeGoAgain,HilarityEnsues,IdleRich,Malaproper,MeetCute,MistakenForCheating,MistakenforCheating,MorallyBankruptBanker,NiceHat,NiceToTheWaiter,OffscreenCrash,OldMaid,OldMoney,OneDialogueTwoConversations,OohMeAccentsSlipping,PiggyBank,PlayedForLaughs,PlotDevice,PluckyGirl,PratFall,Pratfall,PrettyInMink,RagsToRiches,ReadingTheStageDirectionsOutLoud,RichIdiotWithNoDayJob,RichInDollarsPoorInSense,RomCom,RomanticComedy,RooftopConfrontation,ScrewballComedy,SkewedPriorities,SlummingIt,StaircaseTumble,SustainedMisunderstanding,ThePratfall,ThirdActMisunderstanding,ZanyScheme",Easy Living,,5099020
Two4  One," AmbiguouslyJewish,BabiesEverAfter,BilingualBonus,BlatantLies,ButICantBePregnant,CanadianEqualsHockeyFan,CanadianMovies,CoolOldLady,DoesThisRemindYouOfAnything,EasySexChange,FilmsOf20102014,FreezeframeBonus,HomosexualReproduction,LawOfInverseFertility,MisterSeaHorse,MisterSeahorse,MrSeahorse,OldFriendNewGender,QueerMedia,QueerRomance,ScienceBabies,StrawVegetarian,TransEqualsGay,VisualInnuendo",Two4 One,,3516184
Fire  Down  Below," AnimalAssassin,AntiClimax,AxCrazy,BigBadassRig,CruelMercy,DarkAndTroubledPast,FilmsOf19951999,GreenAesop,HollywoodActionHero,HollywoodSilencer,MidDevelopmentGenreShift,PrisonRape,ShoutOut,SpiritualSuccessor,TechnicolorScience",Fire Down Below,,0119123
Kamen  Rider  X  Super  Sentai  X  Space  Sheriff  Super  Hero  Taisen  Z," AloofAlly,AscendedExtra,AuthorExistenceFailure,BackFromTheDead,BatmanGambit,BehemothBattle,BigBadDuumvirate,BigBadTriumvirate,BigDamnHeroes,BroughtDownToNormal,CoDragons,ContinuityNod,ContinuitySnarl,DefeatEqualsExplosion,DemotedToExtra,DimensionLord,DoubleVision,DressingAsTheEnemy,DynamicEntry,EarlyInstallmentWeirdness,FakeShemp,FilmsOfThe2010sFranchises,FinalBattle,FiveManBand,FlippingTheTable,FriendlyFandoms,GiftOfTheMagiPlot,GondorCallsForAid,GratuitousEnglish,GrievousHarmWithABody,HeroAntagonist,HeroicSacrifice,HotBlooded,HumongousMecha,IKnowYoureInThereSomewhereFight,IWillFightNoMoreForever,JapaneseFilms,LegionOfDoom,LetsYouAndHimFight,LetteredSequel,LoadsAndLoadsOfCharacters,LukeYouAreMyFather,ManBitesMan,MassiveMultiplayerCrossover,MilestoneCelebration,Mooks,MythologyGag,NiceJobBreakingItHero,NonSerialMovie,OhCrap,OneWingedAngel,PowerCreepPowerSeep,RearrangeTheSong,RearrangetheSong,RobotBuddy,SaveTheVillain,ShootTheDog,SoulJar,SpaceX,StockFootage,StoryBreakerTeamUp,StoryBreakerTeamup,SuperSentaiStance,SupervillainLair,TakingTheBullet,TeamPet,TheBigGuy,TheCameo,TheCavalry,TheChick,TheDogWasTheMastermind,TheHero,TheLancer,TheOnlyOneAllowedToDefeatYou,TheSmartGuy,TheStinger,TheVerse,ThereIsNoKillLikeOverkill,ThrownOutTheAirlock,TranquilFury,TransformationSequence,UpToEleven,Verse,VillainTeleportation,WaveMotionGun,WellIntendedExtremist",Kamen Rider X Super Sentai X Space Sheriff Super Hero Taisen Z,,2632184
Station  For  Two," AwfulWeddedLife,BelligerentSexualTension,CallBack,ChekhovsGun,CreatorCameo,DownerBeginning,ExtremelyShortTimespan,FilmsOfThe1980s,GilliganCut,HeadbuttOfLove,HowWeGotHere,InadvertentEntranceCue,MatchCut,MeetCute,RomComJob,RussianFilms,SubvertedTrope,TrainStationGoodbye,UnreliableNarrator",Station For Two,,0084873
Kim  Possible," AbusiveParent,ActionPrologue,AdaptationDyeJob,AdaptationExpansion,AdaptationalAttractiveness,AdaptationalBackstoryChange,AdaptationalBadass,AdaptationalCurves,AdaptationalDyeJob,AdaptationalJobChange,AdaptationalModesty,AdaptationalPersonalityChange,AdaptationalSuperPowerChange,AdaptationalSuperpowerChange,AdaptationalWimp,AdaptedOut,AgeLift,AllLovingHero,AlternateContinuity,AlwaysSomeoneBetter,AmazingTechnicolorPopulation,AmazonBrigade,AmbiguouslyBrown,AscendedFan,AscendedFanBoy,AscendedFanGirl,AscendedFanboy,AscendedFangirl,BareYourMidriff,BecomingTheMask,BigRedButton,BondOpeningSequence,BreadEggsBreadedEggs,Canon,CanonForeigner,CharacterExaggeration,ComicallyMissingThePoint,CompositeCharacter,ContinuityReboot,CoolKidAndLoserFriendship,CoveredInGunge,DemotedToExtra,DifferentInEveryEpisode,DrunkOnMalts,DrunkOnMilk,EmbarrassingSuperpower,EntitledBastard,EscapePod,EvilAllAlong,EvilCannotComprehendGood,EvilLaugh,ExplainingYourPowerToTheEnemy,ExplainingYourPowersToTheEnemy,FailedASpotCheck,FallingIntoJail,FilmComic,FirstDayOfSchoolEpisode,Foreshadowing,FountainOfYouth,FreshmanFears,FrothyMugsOfWater,FrothyMugsofWater,GradeSkipper,HeelFaceTurn,HollywoodAcid,InformedSpecies,InstantCostumeChange,JerkassBall,JustBetweenYouAndMe,JustBetweenYouandMe,KidHero,KidnappedScientist,KindheartedCatLover,LampshadeHanging,LimitedWardrobe,LiveActionAdaptation,LuckBasedSearchTechnique,LyricVideo,MadeForTV,MadeForTVMovie,MadeForTv,MadeForTvMovie,MagicMeteor,MeaningfulName,MovieSuperheroesWearBlack,MythologyGag,NerdyNasalness,NinjaPirateZombieRobot,NoDressCode,NoodleIncident,OnceMoreWithClarity,PinkIsForSissies,PopStation,PowersAsPrograms,PragmaticAdaptation,Pride,RaceLift,RaisedHandOfSurvival,RecycledPlot,RecycledScript,RelatedDifferentlyInTheAdaptation,RemakeCameo,RewatchBonus,RobotGirl,Robotgirl,RoboticReveal,RunningGag,SelfDestructMechanism,SequelHook,SettingUpdate,ShoddyKnockOff,ShoddyKnockOffProduct,ShoddyKnockoff,ShoddyKnockoffProduct,ShoutOut,Squee,StockScream,SupervillainLair,TVMovie,TaintedVeins,TechnologicallyBlindElders,TeensAreShort,TemptingFate,TheGhost,TheInternetIsForCats,TheMole,TheReasonYouSuckSpeech,TheStinger,TokenBlack,TotallyRadical,TwoTeacherSchool,UnluckyEverydude,UpLiftedAnimal,UpliftedAnimal,Upliftedanimal,WhamLine,WhatHappenedToTheMouse,WhoWouldWantToWatchUs,WhyDidItHaveToBeSnakes,YouDontLookLikeYou",Kim Possible,,0278866
Centurion," AFatherToHisMen,ActionGirl,ActorSharedBackground,AlasPoorVillain,AncientRome,AnimalMotifs,ArmorIsUseless,ArtisticLicenseMartialArts,AsLongAsItSoundsForeign,AxCrazy,BiggerIsBetterInBed,BilingualBonus,BittersweetEnding,BlackViking,BlackVikings,BladeOnAStick,BookEnds,BoringButPractical,BritishFilms,CallThatAFormation,ChefOfIron,ChekhovsGun,ChekhovsSkill,CradlingYourKill,DarkActionGirl,DarkActiongirl,DarkMagicalGirl,DesignatedGirlFight,DirtyCoward,DragonInChief,DualWielding,DwindlingParty,EeriePaleSkinnedBrunette,EmptyShell,ExactlyWhatItSaysOnTheTin,EyeScream,FakeScot,FilmsOf20102014,FiveManBand,Flynning,ForeignLookingFont,FreudianExcuse,GladiatorGames,GoodScarsEvilScars,Gorn,GrayAndGrayMorality,GrimUpNorth,GroinAttack,HairOfGoldHeartOfGold,HeKnowsTooMuch,HeroKiller,HighHeelFaceTurn,HistoricalFiction,HoistByHisOwnPetard,HopeSpot,HotWitch,ImpliedLoveInterest,InnocenceLost,IronicEcho,JobTitle,KillEmAll,KubrickStare,LastStand,LightIsNotGood,LodgedBladeRecycling,LostRomanLegion,LudicrousGibs,MadeOfIron,MadeOfPlasticine,MaleGaze,MaybeEverAfter,MenAreTheExpendableGender,MilitaryAndWarfareFilms,Necromancer,NotSoDifferent,OldSoldier,OurLadyOfSoundtrackSorrow,RapeAsBackStory,RapeAsBackstory,RapeLeadsToInsanity,RealityEnsues,RealityIsUnrealistic,SacrificialLion,ScarilyCompetentTracker,SceneryPorn,ShirtlessScene,ShootTheShaggyDog,ShownTheirWork,SpikesOfVillainy,SwordAndSandal,SwordAndSandals,TerribleTrio,TheBigGuy,TheBrute,TheChick,TheDragon,TheLancer,TheLeader,TheMole,TheOmniscientCouncilOfVagueness,TheQueensLatin,TheSmartGuy,TheSpeechless,TheUnfought,TheVoiceless,TiredOfRunning,TiredofRunning,TokenRomance,TongueTrauma,TranslationConvention,TrappedBehindEnemyLines,UnkemptBeauty,UnwittingInstigatorOfDoom,YouKilledMyFather",Centurion,,1020558
Aeon  Flux," AdaptationDyeJob,AdaptationalModesty,AncientKeeper,AntiHero,AntiVillain,BigBad,BioPunk,Biopunk,CainAndAbel,CanonForeigner,CharacterTitle,CityInABottle,CloningBlues,CoolAirship,DecompositeCharacter,DisownedAdaptation,Disownedadaptation,DyeingForYourArt,Dystopia,Dystopian,EmperorScientist,EnemyMine,EvilChancellor,Expy,EyeOpen,EyesOpen,FacelessGoons,FilmsOf20052009,GardenOfEvil,GardenofEvil,GatlingGood,GeneticMemory,GirlsWithGuns,HandyFeet,HeelFaceTurn,InLoveWithTheMark,InferredHolocaust,IntrinsicVow,LaResistance,LastBastion,LighterAndSofter,MultiArmedAndDangerous,MultiArmedandDangerous,MultiarmedAndDangerous,MurderousThighs,MythologyGag,NegativeUtopia,NotScreenedForCritics,NothingLeftToDoButDie,OpeningCrawl,OpeningScroll,PastLifeMemories,ReincarnationRomance,Reincarnationromance,ReluctantMadScientist,SciFiBobHaircut,ScienceFictionFilms,SleightOfTongue,SoundOnlyDeath,SpyCatsuit,StockScream,Stripperiffic,SuperFlyReflexes,TheResistance,TheStarscream,TheWallAroundTheWorld,TitleCharacter,TotalitarianUtilitarian,TownWithADarkSecret,TwinMaker,Twinmaker,WallAroundTheWorld,WardrobeMalfunction,WhatMeasureIsAMook,WilhelmScream",Aeon Flux,,0402022
Kit  Kittredge  An  American  Girl," AcclaimedFlop,ActionizedAdaptation,AdaptationDistillation,AdaptedOut,AlternateContinuity,BadExportForYou,CanonForeigner,FaintInShock,FilmsOf20052009,GenreShift,GirlinessUpgrade,LiveActionAdaptation,LyricalDissonance,OfficialCosplayGear,OutofCharacterMoment,PromotedFanBoy,PromotedFanboy,PromotedFangirl,SameContentDifferentRating,SamusIsAGirl,SnoopingLittleKid,SweetPollyOliver,TheEighties,TheGhost,TheGreatDepression,TheThirties",Kit Kittredge An American Girl,,0846308
Little  World  Of  Don  Camillo," BackToSchool,BadassPreacher,BoltOfDivineRetribution,BoltofDivineRetribution,BookDumb,ChildhoodFriendRomance,ChummyCommies,Confessional,CoolGuns,CurbStompBattle,DueToTheDead,DyingWish,EveryoneIsArmed,FeudingFamilies,FilmsOfThe1950s,FrenchFilms,FriendlyEnemy,HappilyFailedSuicide,HearingVoices,HeelRealization,Hypocrite,InterruptedSuicide,ItalianFilms,JesusWasWayCool,Justified,KnownOnlyByTheirNickname,LaResistance,LastRequest,LiteralAssKicking,MoralityPet,PalsWithJesus,ReasonableAuthorityFigure,ReassignedToAntarctica,RibbonCuttingCeremony,Schoolmarm,SeriousBusiness,SheIsAllGrownUp,ShoutOut,StarCrossedLovers,TrainStationGoodbye,TranslationConvention,UnderestimatingBadassery,VitriolicBestBuds,WithFriendsLikeThese,WorthyOpponent,YouWouldntShootMe",Little World Of Don Camillo,,0949688
Oo  Nina  Bobo, FilmsOf20102014,Oo Nina Bobo,,3652924
Bride  Of  The  Monster," ATasteOfTheLash,AtomPunk,Atompunk,AuthorAppeal,BMovie,BigBad,Bmovie,BottomlessMagazines,BrainBleach,Brainbleach,Cameo,CelebrityCameo,ChewingTheScenery,CompletelyDifferentTitle,CopiouslyCreditedCreator,CoversAlwaysLie,CreatorThumbprint,DamselInDistress,DefeatEqualsExplosion,DefeatMeansExplosion,DeusExNukina,DirtyCommunists,EverythingExplodesEnding,EvilLaugh,EvilOverlooker,EvilPLan,EvilPlan,EvilScheme,EvilutionaryBiologist,FilmsOfThe1940s,FilmsOfThe1950s,FunnyOctopus,GenreThrowBack,GenreThrowback,GeorgeLucasThrowback,GrayRainOfDepression,HerrDoktor,HorrorFilms,HumansAreMorons,ILoveNuclearPower,ImmuneToBullets,MadScience,MadScientist,MadScientistLaboratory,MadeOfExplodium,MadeofExplodium,Madscientist,MissedHimByThatMuch,MookCarryover,MrFanservice,NaughtyNurseOutfit,NoBudget,ParentalAbandonment,PoliceAreUseless,PstandardPsychicPstance,RayGunGothic,RaygunGothic,SciFiHorror,ScienceFictionFilms,SendInTheSearchTeam,SexyNurse,ShirtlessScene,SpaceWhaleAesop,StandardPsychicStance,StockFootage,StockFootageFailure,StockFootagefailure,StrappedToAnOperatingTable,SuperEmpowering,SwampsAreEvil,TakeOverTheWorld,TheCameo,TheIgor,TheStrengthOfTenMen,TheXOfY,TheseAreThingsManWasNotMeantToKnow,TheyCalledMeMad,TooDumbToLive,TookTheBadFilmSeriously,TouchOfTheMonster,TranslationMatchmaking,WeatherDissonance,WhenItRainsItPours,WhenPropsAttack,WildChild,WorkingTitle,YoureInsane",Bride Of The Monster,,0047898
The  Naked  Kiss, DannyPearyCultMoviesList,The Naked Kiss,,0058390
Reptilicus," ALadyOnEachArm,AdaptationalBadass,AdaptationalSuperPowerChange,AdaptationalSuperpowerChange,AdaptationalWimp,AesopAmnesia,AntagonistTitle,BMovie,BackedByThePentagon,Bmovie,ChickMagnet,ConvectionSchmonvection,CouldntFindAPen,CoversAlwaysLie,DanishMedia,DepartmentOfRedundancyDepartment,DownplayedTrope,DubNameChange,DugTooDeep,FauxFluency,FilmsOfThe1960s,FromASingleCell,GodzillaThreshold,GreatWayToGo,GretzkyHasTheBall,HarmlessFreezing,HealingFactor,HeroicSacrifice,HollywoodAcid,HollywoodTactics,HotterAndSexier,HotterandSexier,HughMann,ItsAllMyFault,JerkWithAHeartOfGold,JustAStupidAccent,LargeHam,NeverRecycleYourSchemes,Novelisation,Novelization,PsychoElectricEel,RedHerring,ReptilesAreAbhorrent,RhymingWithItself,SameLanguageDub,SceneryPorn,ShooOutTheClowns,SuperSpit,TechnicolorScience,ThatRemindsMeOfASong,TheBookOfTheFilm,TheEndOrIsIt,TheMainCharactersDoEverything,TheStinger,WhatTheHellIsThatAccent",Reptilicus,,0056405
Project  S, HongKongFilms,Project S,,25808194
The  Wild  World  Of  Batwoman," AbductionIsLove,AnimalTitleIndex,AntiClimax,Anticlimax,AsLongAsItSoundsForeign,AsLongAsItsoundsForeign,AsLongAsitSoundsForeign,BareYourMidriff,BatmanGambit,BlackComedyRape,Camp,CardCarryingVillain,CatFight,ChingChong,ColdOpen,CoolAndUnusualPunishment,Corpsing,CoversAlwaysLie,CovertPervert,CreatingLifeIsAwesome,Denouement,DistaffCounterpart,DistressedDamsel,DoNotSpoilThisEnding,DominoMask,DrowningMySorrows,DudeNotFunny,ElaborateUndergroundBase,EndingFatigue,EveryoneCallsHimBarkeep,EvilLaugh,EvilSoundsDeep,ExactlyWhatItSaysOnTheTin,Fanservice,FauxActionGirl,FauxAffablyEvil,FeeFiFauxPas,FilmsOfThe1960s,FlippingTheBird,ForeignSoundingGibberish,FreezeFrameBonus,FunnyBackgroundEvent,GRatedDrug,GilliganCut,GracefulLoser,HalfHumanHybrid,HeelFaceTurn,HerrDoktor,HilarityEnsues,IdiotBall,ImportationExpansion,LeaveTheCameraRunning,MadScientist,MadeOfExplodium,Malaproper,MaleGaze,MesACrowd,MinionWithAnFInEvil,Mockbuster,MookFaceTurn,MoralEventHorizon,MundaneMadeAwesome,NoSmoking,NonFatalExplosions,NonIndicativeTitle,NumberTwo,PaperThinDisguise,PassThePopcorn,PinBallProtagonist,PinballProtagonist,PowerPerversionPotential,PunchClockVillain,RayGun,RummageSaleReject,SarcasmMode,ScareChord,SecretIdentity,SlippingAMickey,SpookySeance,StandardFemaleGrabArea,StockFootage,SuperBreedingProgram,SuperWristGadget,SuperheroPackingHeat,TakingYouWithMe,TheComicallySerious,TheDitz,TheIgor,TheJoyOfX,ThisIsUnforgivable,TooDumbToLive,VegetarianVampire,WTHCostumingDepartment,WhatHappenedToTheMouse,WhatTheHellCostumingDepartment,WhatTheHellIsThatAccent,WritingAroundTradeMarks,WritingAroundTrademarks",The Wild World Of Batwoman,,0061191
Ghidorah  The  Three  Headed  Monster," AccidentalHero,AdaptationalAbomination,AlienWorks,AloofAlly,AnArc,AncientAstronauts,AntagonistTitle,AntiHero,Arc,ArchEnemy,AssholeVictim,BadAssDecay,BadassAdorable,BadassDecay,BadassNormal,BadassPacifist,BehemothBattle,BewareTheCuteOnes,BigBad,BlastingItOutOfTheirHands,BlowYouAway,BodyGuardCrush,BoldlyComing,BottomlessMagazines,BreakOutVillain,BreakoutVillain,BrieferThanTheyThink,BullyHunter,BusCrash,ButForMeItWasTuesday,ButtMonkey,CallBack,CameFromTheSky,CanonWelding,CassandraTruth,CatchPhrase,ChangedMyMindKid,CharacterDevelopment,CharacterTic,CharacterisationMarchesOn,CharacterizationMArchesOn,CharacterizationMarchesOn,ClimateChange,CombatTentacles,ComicallyMissingThePoint,ContinuityNod,ContrastingSequelAntagonist,ContrivedCoincidence,CopAndScientist,CosmicHorror,CosmicHorrorStory,CrisisCrossOver,CrisisCrossover,CurbStompBattle,DarkIsNotEvil,DeathRay,DemotedToDragon,DerivativeDifferentiation,DestructiveSaviour,DidYouJustFlipOffCthulhu,DidYouJustPunchOutCthulhu,DisneyVillainDeath,DragonWorks,DubInducedPlotHole,EldritchAbomination,ElectricBoogaloo,EndangeringNewsBroadcast,EnemyCivilWar,EnemyMine,EvenEvilHasStandards,EvilLaugh,EvilerThanThou,ExitVillainStageLeft,FilmsOfThe1960s,ForTheEvulz,Foreshadowing,FromClonesToGenre,GenreLaunch,GenreRoulette,GiantFlyer,GroinAttack,HeartIsAnAwesomePower,HeelFaceTurn,HeroWithBadPublicity,HeroesWithBadPublicity,HumanAliens,ImplacableMan,ImprobableAimingSkills,ItCanThink,JapaneseFilms,JerkAss,JumpCut,KillAllHumans,KnightOfCerebus,LandSeaSky,LateExportForYou,LightIsNotGood,LightningFireJuxtaposition,Lilliputians,LittlePeopleAreSurreal,LooseLips,LovecraftianFiction,MarketBasedTitle,Martians,MasterOfUnlocking,MindScrew,MultipleChoicePast,NextSundayAD,NoPronunciationGuide,NoSale,NoSell,NotQuiteDead,OddlyNamedSequel,OddlyNamedSequel2ElectricBoogaloo,OmnicidalManiac,OnceGreenMars,OriginalGeneration,Orochi,OutsideContextProblem,OverShadowedByAwesome,OvershadowedByAwesome,OvershadowedbyAwesome,PlayingTennisWithTheBoss,PlotArc,PoliceAreUseless,PropRecycling,RealityEnsues,RecycledSoundtrack,SacrificialPlanet,SealedEvilInACan,SirSwearsAlot,SolarSystemNeighbors,SpellMyNameWithAnS,StarFishLanguage,StarfishLanguage,StaringDownCthulhu,StockFootageFailure,StockFootagefailure,StoryArc,TennisBoss,TheDeterminator,TheMoriartyEffect,TheUnfettered,TheWorfEffect,ThenLetMeBeEvil,TitleDrop,TomboyAndGirlyGirl,UglyCute,UpToEleven,VillainExitStageLeft,VillainExitStageRight,WhatHappenedToTheMouse,WorfBarrage",Ghidorah The Three Headed Monster,,28737508
Get  Duked," AtrociousAlias,BlackComedy,BloodyHilarious,BrickJoke,ChekhovsGun,CrapsackWorld,FilmsOfThe2020s,HereWeGoAgain,MushroomSamba,PunnyName,RunningGag,ThePigpen,TheReasonYouSuckSpeech,TheReveal,TitleDrop,ToiletHumor",Get Duked,,9735758
Nekromantik," AccidentalMurder,BMovie,BannedInBoston,BannedInChina,BannedinChina,BloodBath,Bmovie,BreastAttack,BurialAtSea,CarryABigStick,ChaseScene,ContentWarnings,CountryMatters,CreatorCameo,CreepyCemetery,CreepySouvenir,CuteKitten,DaylightHorror,DisposableSexWorker,DrivenToSuicide,Euroshlock,EyeScream,FilmWithinAFilm,FilmsOfThe1980s,FlashBack,GagPenis,GermanFilms,Gorn,HorrorFilms,ILoveTheDead,ImAHumanitarian,ImmodestOrgasm,ImpromptuTracheotomy,IncompatibleOrientation,KickTheDog,KillEmAll,LeFilmArtistique,LeaveTheCameraRunning,MaleFrontalNudity,MeadowRun,MoralGuardians,MundaneMadeAwesome,MushroomSamba,NamelessNarrative,Necrophilia,NightmareFetishist,NoAnimalsWereHarmed,NumberedSequels,OneWordTitle,OutWithABang,PeekABooCorpse,PornWithPlot,PortmanTitle,ReCut,RefugeInVulgarity,SequelHook,SeveredHeadSports,ShovelStrike,ShowerOfAngst,SilenceIsGolden,SlasherMovie,SoundtrackDissonance,TakeThat,TheImmodestORGASM,TheImmodestOrgasm,TheLoinsSleepTonight,TorturePorn,UnabashedBMovieFan,UrineTrouble,VillainousBreakdown,VulgarHumor,VulgarHumour,WordOfGod",Nekromantik,,0093608
Himitsu  Sentai  Goranger  The  Red  Death  Match, FilmsOfThe1970s,Himitsu Sentai Goranger The Red Death Match,,
Gold  Diggers  Of," AlliterativeName,AnnualTitle,BusbyBerkeleyNumber,Cloudcuckoolander,FilmsOfThe1930s,FunnyForeigner,GoldDigger,MoodWhiplash,Musical,MusicalTheatre,SerialSpouse,SheCleansUpNicely,ShoppingMontage,ShoutOut,ShowWithinAShow,TheMusical,TheScrooge,VideoCredits,WillingSuspensionOfDisbelief",Gold Diggers Of,1935,0113188
Welp," AdultsAreUseless,AllThereInTheManual,AssholeVictim,BelgianFilms,BloodFromTheMouth,CoolMask,CruelAndUnusualDeath,DarkAndTroubledPast,DarkSecret,DeathBySex,DeathTrap,DontGoInTheWoods,DontGoIntoTheWoods,DownerEnding,FatBastard,FeralChild,FilmsOf20102014,FinalGirl,FrenchJerk,HeWhoFightsMonsters,HorrorFilms,HowWeGotHere,ImpaledWithExtremePrejudice,ImplacableMan,InMediasRes,JerkAss,KarmaHoudini,KillTheCutie,LaserGuidedKarma,MadeOfIron,MaskPower,MoralEventHorizon,NoNameGiven,OffscreenTeleportation,OnlyKnownByTheirNickname,PoliceAreUseless,ReasonableAuthorityFigure,RoaringRampageOfRevenge,SerialKiller,ShootTheShaggyDog,SilentAntagonist,SlasherFilm,SlasherMovie,SubvertedTrope,TheBadGuyWins,TheCuckoolanderWasRight,TheDarkSide,TheDragon,TheSmurfettePrinciple,TheSpeechless,ThenLetMeBeEvil,TortureCellar,TraumaButton,TrunkShot,UngratefulBastard,WhatHappenedToTheMouse,WildChild,WolfMan,YouKillItYouBoughtIt",Welp,,3061836
Bright  Star," AbsentMindedProfessor,AdaptationalAttractiveness,AlphaBitch,AlternativeCharacterInterpretation,Angst,AnguishedDeclarationOfLove,AntiVillain,AustralianMovies,AvertedTrope,BelligerentSexualTension,BioPic,BloodFromTheMouth,BloodfromTheMouth,BoyMeetsGirl,BrainlessBeauty,BrattyHalfPint,BrilliantButLazy,BritishFilms,CostumePorn,CoughingUpBlood,CountryMatters,DeadpanSnarker,DeathIsDramatic,DemotedToExtra,DisappearedDad,DiscussedTrope,DownerEnding,EmbarrassingNickname,FilmsOf20052009,ForegoneConclusion,Foreshadowing,ForgottenFallenFriend,FrenchFilms,GirlNextDoor,HavingAGayOldTime,HerHeartWillGoOn,HiddenDepths,HistoricalVillainUpgrade,HypocriticalHumor,IJustWantToBeSpecial,IllGirl,IncurableCoughOfDeath,IncurableCoughofDeath,InstantIllness,InsufferableGenius,InterruptedSuicide,JerkWithAHeartOfGold,JustifiedTrope,LoveLetterLunacy,LoveMartyr,LoveTriangle,ManChild,MeetCute,Meido,Melodrama,MissingMom,NeverLearnedToRead,ObliviousToLove,OneSteveLimit,OscarBait,PimpedOutDress,PlayingWithATrope,PungeonMaster,RealLife,RelationshipUpgrade,RomanticComedy,RuleOfDrama,SceneryPorn,SelectiveObliviousness,SeparatedByTheWall,ShrinkingViolet,SilentCredits,StarCrossedLovers,TVGenius,TeenGenius,TheMole,TheMuse,TheQuietOne,ThemeNaming,TragicDream,UptightLovesWild,YoungFutureFamousPeople",Bright Star,,0810784
H  M  S  Defiant," AmericanKirbyIsHardcore,BritishFilms,FilmsOfThe1960s,MilitaryAndWarfareFilms,TheMutiny,VehicleTitle,WoodenShipsAndIronMen",H M S Defiant,,0068098
The  Santa  Trap," ChristmasElves,ChristmasMoviesIndex,ChristmasMoviesindex,DreamingOfAWhiteChristmas,FilmsOf20002004,Homelessness,MadeForTV,MadeForTVMovie,MadeForTv,MadeForTvMovie,MadeOfIron,MarriedToTheJob,MuggedForDisguise,NeverTrustATrailer,NoAntagonist,PoliceAreUseless,ReactiveContinuousScream,RubeGoldbergDevice,SantaClaus,SantasExistenceClause,SavingChristmas,TVMovie,TooDumbToLive",The Santa Trap,,0347938
Rainbow  War," AlwaysSaveTheGirl,AnAesop,BeautyIsNeverTarnished,CanadianMovies,ColorCodedForYourConvenience,CoolShades,EagleLand,FantasyCounterpartCulture,FilmsOfThe1980s,IronLady,LiteralCliffhanger,PowerHair,StockSoundEffects,VisualPun",Rainbow War,,0089878
Whered  You  Go  Bernadette, FilmsOf20152019,Whered You Go Bernadette,,2365580
Quantum  Apocalypse," AllGuysWantCheerleaders,ArtisticLicensePhysics,AttemptedRape,AutismInMedia,DisabilitySuperpower,DisasterMovie,DoesNotDrive,DrivesLikeCrazy,EMP,ElectroMagneticPulse,ElectromagneticPulse,Emp,FilmsOf20102014,FlatLine,Flatline,Goth,GravitySucks,MadeForTV,MadeForTVMovie,MadeForTv,MadeForTvMovie,NukeEm,PerkyGoth,RaceAgainstTheClock,RippleEffectProofMemory,TVMovie,TechnoBabble,TheAllegedCar",Quantum Apocalypse,,1265621
Juncture," ActionGenre,AmoralAttorney,Amoralattorney,AssholeVictim,CarFu,CorruptCorporateExecutive,CutHimselfShaving,DehumanizingInsult,EmergencyTaxi,FilmsOf20052009,Hallucinations,IAmAMonster,IHaveAFamily,KitchenChase,LetOffByTheDetective,MurderByMistake,NewMediaAreEvil,OneSteveLimit,OneWordTitle,PaedophilePriest,PedophilePriest,ShowerOfAngst,Thriller,ToxicInc,VehicleVanish,Vigilante,VigilanteMan,VigilanteMen,Vigilanteman",Juncture,,0765462
Adventures  In  Dinosaur  City," AnimalTitleIndex,AnimatedCreditsOpening,BigBad,BlindWithoutEm,BlindWithoutThem,BlindWithoutem,CityOfAdventure,CityofAdventure,CollapsingLair,DarthVaderClone,DinosaurMedia,EverythingsBetterWithDinosaurs,FantasticRacism,FilmsOf19901994,HandyRemoteControl,HeelFaceTurn,HeroicSacrifice,HollywoodScience,InformedSpecies,KilledOffForReal,Mooks,PeopleInRubberSuits,SarcasmMode,ShowWithinAShow,SmittenTeenageGirl,SpaceWhaleAesop,StarringSpecialEffects,TakeThat,TheyFightCrime,TrappedInAnotherWorld,TrappedInTVLand,TyrannosaurusRex",Adventures In Dinosaur City,,0103621
Neon  Maniacs," AntagonistTitle,CoversAlwaysLie,DidntThinkThisThrough,FilmsOfThe1980s,FinalGirl,HorrorFilms,IceCreamKoan,ItWasAllJustADream,KatanasAreJustBetter,KillItWithWater,KillitWithWater,MysteriousPast,Mysteriouspast,NoNameGiven,OpeningNarration,PoolScene,RainOfBlood,ShoutOut,SlasherFilm,SlasherMovie,UnusuallyUninterestingSight,WeakSauceWeakness,WeaksauceWeakness,WeaponOfChoice",Neon Maniacs,,0127045
Spanking  The  Monkey," ADateWithRosiePalms,AnimalTitleIndex,BathtubBonding,BoyNextDoor,CareerVersusFamily,CoversAlwaysLie,DarkComedy,DisappearedDad,DysfunctionalFamily,ElectraComplex,EyeScream,FakingTheDead,FamilyVersusCareer,FilmsOf19901994,GirlNextDoor,GirlnextDoor,IntentionallyAwkwardTitle,InterruptedSuicide,MeddlingParents,OedipalComplex,OedipusComplex,ParentChildIncest,ParentalIncest,ReachingTowardsTheAudience,SarcasticConfession,Sarcasticconfession,SexComedy,TheirFirstTime",Spanking The Monkey,,0111252
Black  Angel  Vol1," AbandonedHospital,ActionGenre,AgeCut,BaitAndSwitchGunshot,BatterUp,BulletProofVest,BulletSparks,BulletproofVest,CampingACrapper,ChildByRape,ChildbyRape,CoitusUninterruptus,CorruptCop,CorruptCops,DirtyCop,DirtyCops,DistractingWithTheSexy,EVeryCarIsAPinto,ElevatorActionSequence,EveryCarIsAPinto,EveryCarisaPinto,FamilialReveal,FamilyRelationshipSwitcheroo,FilmsOf19951999,FunnyBackgroundEvent,GroinAttack,IAmYourFather,JapaneseFilms,LukeIAMYourFather,LukeIAmYourFather,LukeIamYourFather,RoaringRampageOfRevenge,ShowSomeLeg,TakingTheBullet,TheAlcoholic,TimeSkip,Timeskip,TragicKeepsake",Black Angel Vol1,,0149899
Blue  Sunshine," BaldWomen,CigaretteOfAnxiety,ClearMyName,FilmsOfThe1970s,HorrorFilms,MistakenForJunkie,PrematurelyBald,PsychoSerum,UnstoppableRage,WorksNeedingTropes",Blue Sunshine,,0074226
Notting  Hill," ASpotOfTea,AdamWesting,AnguishedDeclarationOfLove,AppealToWorseProblems,BabiesEverAFter,BabiesEverAfter,BaitAndSwitch,BaldOfAwesome,BestFriendsInLaw,BetaCouple,BookEnds,Bookworm,BothSidesHaveAPoint,BreathlessNonSequitur,BrickJoke,BritishFilms,CelebrityIsOverrated,CelebrityisOverrated,CharacterNameAlias,ChickFlick,Cloudcuckoolander,CordonBleughChef,CrashIntoHello,DefiedTrope,DefrostingIceQueen,DisabledLoveInterest,DuelingStarsMovie,DumbassHasAPoint,DumbassHasApoint,EmbarrassingNickName,EmbarrassingNickname,FilmsOf19951999,FriendsRentControl,FunTShirt,FunnyBackgroundEvent,FunnyTShirt,HeelRealisation,HorribleHollywood,HugeGuyTinyGirl,INAWORLD,IWasYoungAndINeededTheMoney,IWasYoungAndNeededTheMoney,IdiotBall,InAWorld,InUniverse,InformedAbility,JerkWithAHeartOfGold,LapPillow,MeetCute,MiseryPoker,ModestyBedsheet,MomentKiller,MonoChromeCasting,MonochromeCasting,MoodKiller,MyGodWhatHaveIDone,NiceGuy,OhCrap,OldShame,OpenTheDoorAndSeeAllThePeople,PlayedForLaughs,PopCulturalOsmosisFailure,PrecisionFStrike,RaceForYourLove,RecognitionFailure,RomCom,RomComJob,RomanticComedy,RoomDisservice,ScandalGate,Scandalgate,SciFiBobHaircut,SeasonalBaggage,SeasonalMontage,ShoutOut,ShrugTake,SignatureLine,SpaceClothes,SpotOfTea,StageWhisper,StarringAStarAsAStar,StarstruckSpeechless,StepfordSmiler,StockBritishPhrases,SugarAndIcePersonality,TabloidMelodrama,TheCuckoolanderWasRight,TheDitz,TheNineties,TheThingThatWouldNotLeave,ThirdActMisunderstanding,ThisIsGoingToSuck,ThisIsGonnaSuck,ThisisGonnaSuck,TimePassesMontage,TrailerSpoof,UptightLovesWild,UptownGirl,WhatHappenedToTheMouse,WhatTheHellHero,WrongRestaurant",Notting Hill,,0125439
Dil  To  Pagal  Hai," AllLoveIsUnrequited,AllStarCast,AlmostKiss,AngryDance,ArrangedMarriage,BettyAndVeronica,BollywoodMovies,CantSpitItOut,ChildhoodFriends,CrowdSong,Deconstructed,DoggedNiceGuy,FatalFlaw,FilmsOf19951999,FirstGirlWins,IWantMyBelovedToBeHappy,JustFriends,LoveHurts,ManicPixieDreamGirl,MatingDance,MeetCute,NoteworthyBollywoodMovies,PairTheSpares,PrimaDonnaDirector,RageAgainstTheHeavens,RedStringOfFate,ShipTease,Subverted,TheCharmer,TheMuse,UpToEleven",Dil To Pagal Hai,,0118983
A  Hen  In  The  Wind," CutHimselfShaving,DrowningMySorrows,FilmsOfThe1940s,GreenEyedMonster,HitMeDammit,InfoDump,JapaneseFilms,SignatureShot,SingleMomStripper,StaircaseTumble,TheLoinsSleepTonight",A Hen In The Wind,,0040505
Capricious  Summer, CzechFilms,Capricious Summer,,0063527
Double  Harness," AlcoholHic,AndNowYouMustMarryMe,AnnoyingYoungerSibling,DeadpanSnarker,DeconfirmedBachelor,EstablishingCharacterMoment,FakeOutOpening,FilmsOfThe1930s,FlowersOfRomance,FoolishSiblingResponsibleSibling,GoldDigger,HappyMarriageCharade,HonorableMarriageProposal,IdleRich,LadyKillerInLove,LighterAndSofter,LingerieScene,MarriageOfConvenience,MsRedInk,NaughtyByNight,OldMoney,RichIdiotWithNoDayJob,SexlessMarriage,SexyDiscretionShot,ShamMarriage,ShotGunWedding,ShotgunWedding,TheCasanova,TheReveal,WedLocking",Double Harness,,0023960
The  Mill  And  The  Cross," AgeLift,AloneInACrowd,AnachronismStew,EyeScream,FilmsOf20102014,InUniverse,InvokedTrope,RealitySubtext,SceneryPorn,ShowWithinAShow,TheMovie",The Mill And The Cross,,6587046
Grumpy  Cats  Worst  Christmas  Ever," AchievementsInIgnorance,AdultsAreUseless,AndStarring,AnimalTitleIndex,AsHerself,AscendedMeme,AudienceParticipation,BitingTheHandHumor,BlackComedyRape,CatsAreSnarkers,ChristmasMoviesIndex,ChristmasMoviesindex,CorruptCorporateExecutive,DeadpanSnarker,DisappearedDad,Dissimile,EvenEvilHasStandards,Expy,FilmsOf20102014,FourthWallObserver,GirlPosse,GroinAttack,HardWorkHardlyWorks,HumanFocusedAdaptation,ImageMacro,ImagineSpot,Invoked,JustDesserts,LampshadeHanging,LifetimeMovieOfTheWeek,LivingMacGuffin,LockAndLoadMontage,MakeAWish,MediumAwareness,Mooks,NoFourthWall,ObfuscatingStupidity,OffscreenTeleportation,PoliceAreUseless,ProductPlacement,RousingSpeech,SavingTheOrphanage,ShotInTheAss,ShoutOut,SnarkToSnarkCombat,SnarktoSnarkCombat,SpeaksFluentAnimal,StupidCrooks,TakeThat,TheAragorn,TheLoad,TheyWastedAPerfectlyGoodSandwich,ThoseTwoGuys,WeAreStillRelevantDammit,WereStilLRelevantDammit,WereStillRelevantDammit,WhamLine,WishUponAStar,WishingWell,WorstWhateverEver,WouldntHurtAChild",Grumpy Cats Worst Christmas Ever,,3801438
Circle  Of  Iron," ActionPrologue,ActuallyIAmHim,AntiClimax,ArrogantKungFuGuy,BlankBook,BlindWeaponmaster,BloodierAndGorier,BloodlessCarnage,BossBattle,FacialDialogue,Fanservice,FilmsOfThe1970s,FrequentlyBrokenUnbreakableVow,HandicappedBadass,HeroOfAnotherStory,HeroesFightBarehanded,IDidWhatIHadToDo,InstrumentOfMurder,ItsTheJourneyThatCounts,LoadsAndLoadsOfRoles,MartialArtsMovie,Mooks,NeverBringAKnifeToAFistfight,OldMaster,SuperFlyReflexes,TheComplainerIsAlwaysWrong,TheUnfettered,TricksterMentor,WhatTheHellHero,WorthlessTreasureTwist",Circle Of Iron,,0078975
Romeo  And  Juliet," AdaptationExpansion,ArtImitatesArt,BalconyWooingScene,Bambification,BookEnds,CharacterFilibuster,Chiaroscuro,CompositeCharacter,DeathGlare,DiabolusExMachina,EstablishingCharacterMoment,FaceFramedInShadow,FauxDeath,FilmsOfThe1930s,FingerTwitchingRevival,FlyAwayShot,ForDoomTheBellTolls,GallowsHumor,GardenOfLove,GettingCrapPastTheRadar,GratuitousLaboratoryFlasks,LittlePeopleAreSurreal,ParlorGames,SexyDiscretionShot,SparedByTheAdaptation,SpitefulSpit,TheDyingWalk,TheEnd,TheFilmOfThePlay,TheFilmOfthePlay,TheGhost,TheVoiceless,VictoriasSecretCompartment,VideoCredits,WidowsWeeds,YoungLoveVersusOldHate",Romeo And Juliet,1936,0063518
Tears  Of  Steel," ArmCannon,ArtificialLimbs,BigBad,BigNo,BlackDudeDiesFirst,CyberPunk,ExactlyExtyYearsAgo,FreezeFrameBonus,GainaxEnding,HumongousMecha,LoveMakesYouCrazy,MoreDakka,OminousPipeOrgan,ScienceFictionFilms,ShotForShotRemake,ShotforShotRemake,TheRuleOfFirstAdopters,TimeSkip,TwentyMinutesIntoTheFuture,WoobieDestroyerOfWorlds",Tears Of Steel,,2285752
Heartbeeps," AxCrazy,BorschtBelt,ChekhovsGun,CoolOldGuy,CowboyCop,Expy,FilmsOfThe1980s,HeroicSacrifice,LargeHam,LoungeLizard,MoreDakka,Novelization,OneBookAuthor,Pun,Rimshot,RoboFamily,RoboRomance,ScienceFictionFilms,SequelHook,ShoutOut,SoUnfunnyItsFunny,ThreeLawsCompliant,VeryLooselyBasedOnATrueStory,VeryLooselyBasedOnaTrueStory",Heartbeeps,,0082507
The  Starving  Games," ArtifactTitle,BlackComedy,BlatantLies,CrackFic,CreatorKiller,CreatorsOddball,DVDCommentary,DesignatedGirlFight,DeusExMachina,DisposableWoman,DistressedDamsel,DontExplainTheJoke,DropTheCow,ExactlyWhatItSaysOnTheTin,FanDisservice,FilmsOf20102014,FollowTheLeader,GenreKiller,HumongousMecha,IAmNotShazam,IAteWhat,InformedFlaw,InherentlyFunnyWords,MagicPants,MassiveMultiplayerEnsembleNumber,MonsterMisogyny,NarrowParody,NegativeContinuity,NoBudget,NotScreenedForCritics,OverlyLongGag,ParodyNames,ProductionPosse,PunctuatedForEmphasis,RaidersOfTheLostParody,RapidFireComedy,ReclusiveArtist,RedundantParody,ReferenceOverdosed,RuleOfThree,SayMyName,ShallowParody,SickAndWrong,SpecialEffectsFailure,TheCameo,TongueOnTheFlagpole,UncannyValley,UnintentionalPeriodPiece,UniversalRemoteControl,UnratedEdition,UpToEleven,VulgarHumor,WhatCouldHaveBeen,WouldHitAGirl",The Starving Games,,2403029
Catch  And  Release," Dramedy,FilmsOf20052009,PopStarComposer,WhyWouldAnyoneTakeHerBack,WhyWouldAnyoneTakeHimBack",Catch And Release,,
Shadow  People," BasedOnAGreatBigLie,BasedOnAgreatBigLie,FilmsOf20102014,HorrorFilms,LivingShadow,Mockumentary,TheFourthWallWillNotProtectYOu,TheFourthWallWillNotProtectYou",Shadow People,,1764647
The  Screaming  Skull," AlliterativeTitle,Alliterativetitle,BMovie,BigBad,Bmovie,BrainBleach,Brainbleach,BreakTheCutie,CassandraTruth,ChairmanOfTheBrawl,CoolCar,CreatorCameo,CrustyCaretaker,DeathlyDiesIrae,DefiniteArticleTitle,DemBones,DepartmentOfRedundancyDepartment,DomesticAbuse,DrivenToMadness,DrivenToSuicide,DullSurprise,EverythingIsBetterWithPenguins,EverythingsBetterWithPenguins,EverythingsBetterwithPenguins,EvilPLan,EvilPlan,EvilScheme,Fanservice,FetishRetardant,FilmsOfThe1950s,ForcedPerspective,GasLighting,Gaslighting,GoldDigger,GolfClubbing,GoodShepherd,HappinessIsMandatory,HorrorFilms,ISeeDeadPeople,IWishedYouWereDead,InNameOnly,JumpCut,KarmicDeath,KickTheDog,LeaveTheCameraRunning,LeftHanging,Leitmotif,MadnessMantra,MakeItLookLikeAnAccident,ManChild,MidBattleTeaBreak,MinimalistCast,MisterExposition,MostDefinitelyNotAVillain,MurderIsTheBestSolution,NothingIsScarier,PoliceAreUseless,PosthumousCharacter,RealAfterAll,RealafterAll,RedHerring,ReplacementGoldfish,SanitySlippage,ScreamingWoman,SoundtrackDissonance,StringyHairedGhostGirl,TheBluebeard,TheFourthWallWillNotProtectYOu,TheFourthWallWillNotProtectYou,TheOperatorsMustBeCrazy,TheReveal,TheSociopath,ThoseTwoGuys,TilMurderDoUsPart,TouchOfTheMonster,UnwittingInstigatorOfDoom",The Screaming Skull,,0052169
The  Man  Who  Sued  God," AluminumChristmasTrees,AustralianMovies,BittersweetEnding,BrickJoke,FaceHeelTurn,FilmsOf20002004,FrivolousLawSuit,FrivolousLawsuit,ImpossibleInsurance,LoopholeAbuse,NewscasterCameo,RealLife,TheNounWhoVerbed,WorksNeedingTropes",The Man Who Sued God,,0268437
Ben  Hur," ANaziByAnyOtherName,ActionGenre,ActorAllusion,AdaptationalHeroism,AdaptationalSexuality,AmbiguousSituation,AncientRome,ArrangedMarriage,BewareTheQuietOnes,BigBadassBattleSequence,Brownface,CallBack,ChekhovsSkill,ColorCodedForYourConvenience,CompressedAdaptation,CoolHorse,CostumeDrama,DeathByAdaptation,DemotedToExtra,DepravedHomosexual,Determinator,DisproportionateRetribution,DroneOfDread,DutchAngle,EmergingFromTheShadows,EmpathicEnvironment,EpicFilm,EpicMovie,FakeNationality,FascinatingEyebrow,FateWorseThanDeath,FilmsOfThe1950s,FunnyForeigner,GenreThrowBack,GenreThrowback,GeorgeLucasThrowback,HarshWordImpact,HellHolePrison,HellholePrison,HistoricalFiction,HomoeroticSubtext,ImperturbableEnglishman,InsistentTerminology,IronicEcho,Irony,JavelinThrower,KillItWithFire,KnightsAndKnaves,LampshadedDoubleEntendre,LargeHam,Letterbox,MainstreamObscurity,MrFanservice,NiceJobFixingItVillain,NotSoDifferent,OhCrap,PanAndScan,PeriodDrama,PluckyComicRelief,PowerOfHate,ProtagonistCenteredMorality,RedemptionInTheRain,RemakeCameo,SidelongGlanceBiopic,SistineSteal,SlaveGalley,SparedByTheAdaptation,SpikedWheels,StiffUpperLIp,StiffUpperLip,TeachHerAnger,TeachHimAnger,TheEmpath,TheFaceless,ThePowerOfHate,TheQueensLatin,TheThreeWiseMen,TheUnreveal,TimePassageBeard,TraumaCongaLine,TropeCodifier,UndyingLoyalty,UnnecessaryRoughness,WhatADrag,WithUsOrAgainstUs,WriterInducedFanon,YouAreNumber6,YouAreNumberSix,YouCannotKillAnIdea",Ben Hur,1959,0052618
Grizzly  Park," AllAnimalsAreDomesticated,AlwaysABiggerFish,AnimalTitleIndex,AssholeVictim,BEARsAreBadNews,BearsAreBadNews,BearsareBadNews,Bearsarebadnews,BitchInSheepsClothing,BlackDudeDiesFirst,BlatantLies,BrainlessBeauty,CellPhonesAreUseless,ConMan,EatenAlive,EverythingIsWorseWithBears,EverythingsWorseWithBears,FairCop,FamilyValuesVillain,FilmsOf20052009,FinalGirl,GagBoobs,GangBanger,Gorn,HalfwayPlotSwitch,HandWave,HaveYouToldAnyoneElse,HorrorFilms,KnightTemplar,LetsSplitUpGang,LocationTitle,MeaningfulName,MisplacedWildlife,NoNonsenseNemesis,ObfuscatingStupidity,OhCrap,OneBookAuthor,PayEvilUntoEvil,RedemptionRejection,SayingTooMuch,ScrewTheRulesIHaveMoney,SerialKiller,SpicyLatina,SuperpersistentPredator,TheKillerBecomesTheKilled,ThePerfectCrime,ThePlace,TokenMinority,TokenMinorityCouple,TooDumbToLive,UpperClassTwit,WellIntentionedExtremist,YourCostumeNeedsWork",Grizzly Park,,0915460
Enduring  Love," BitchInSheepsClothing,BritishFilms,ChekhovsGun,DeusExMachina,FilmsOf20002004,StalkerShrine,StalkerWithACrush,UnreliableNarrator,WorksNeedingTropes,Yandere",Enduring Love,,0375735
Hollywoodland," ArtisticLicenceHistory,BettyAndVeronica,BittersweetEnding,BurnBabyBurn,ButIPlayOneOnTV,ButIPlayOneOnTv,DefectiveDetective,DentedIron,DivorceIsTemporary,DrivenToSuicide,FilmsOf20052009,GroinAttack,HardBoiledDetective,HardboiledDetective,HistoricalBeautyUpdate,HollywoodHypeMachine,InUniverse,Jossed,LocationTitle,NotSoDifferent,OutlivingOnesOffspring,PoliticallyCorrectHistory,PrivateDetective,RashomonEffect,RashomonPlot,RashomonStyle,RealLife,RealLifeWritesThePlot,ShootingSuperman,SidelongGlanceBiopic,SmashCut,StarringAStarAsAStar,TalkingYourWayOut,TheFabulousFifties,TheFifties,ThePlace,TheRashomon,TrappedByMountainLions,TypeCasting,UnReveal,WomanScorned",Hollywoodland,,0427969
Wild  Rebels," AerithAndBob,AllBikersAreHellsAngels,AllbikersAreHellsAngels,ArsonMurderAndJaywalking,BallisticDiscount,BikerMedia,BondJamesBond,DepartmentOfRedundancyDepartment,FemmeFatale,FilmsOfThe1960s,ForTheEvulz,GretzkyHasTheBall,HighHeelFaceTurn,InvisibleBackupBand,InvisibleOrchestra,JerkAss,KickTheDog,PoliceAreUseless,PsychoForHire,PsychopathicManchild,PuttingOnTheReich,ReallyGetsAround,SesquipedalianLoquaciousness,StairwellChase,TheSpeechless,ThrillSeeker,YouHaveOutlivedYourUsefulness",Wild Rebels,,0062493
Brute  Force," Alcatraz,AnyoneCanDie,Chiaroscuro,Determinator,DisneyVillainDeath,DownerEnding,DrivenToSuicide,FailureIsTheOnlyOption,FailureIstheOnlyOption,FailureisTheOnlyOption,FailureistheOnlyOption,Fanservice,FauxAffablyEvil,FemmeFatale,FilmNoir,FilmNoirIndex,FilmsOfThe1940s,GrayRainOfDepression,JackBauerInterrogationTechnique,KillEmAll,KillThemAll,KillemAll,MakeItLookLikeAnAccident,MolotovCocktail,ObstructiveBureaucrat,PoliceBrutality,PrettyInMink,PrisonFilms,PrisonRiot,RagTagBunchOfMisfits,ShirtlessScene,ShowWithInAShow,TheAlcatraz,TheAlcoholic,TheStoolPigeon,TitleDrop,TrailersAlwaysLie,TroubledBackstoryFlashback",Brute Force,1947,0039224
Free  Willy2  The  Adventure  Home," AnnoyingYoungerSibling,ArtifactTitle,CorruptCorporateExecutive,CryingWolf,DarkerAndEdgier,FilmsOfThe1990sFranchises,MagicalNativeAmerican,MissingMom,OneDialogueTwoConversations,PapaWolf,ParentalAbandonment,TheBoyWhoCriedWolf,TheTalk",Free Willy2 The Adventure Home,,0113114
Secrets  And  Lies," ArmorPiercingQuestion,AwLookTheyReallyDoLoveEachOther,Beat,BigScrewedUpFamily,BritishFilms,CaptainObvious,CaptainObviousReveal,ChocolateBaby,CigaretteOfAnxiety,DinnerAndAShow,DisappearedDad,DramaticallyMissingThePoint,DramaticallyMissingthePoint,FilmsOf19951999,GeneHunting,Improv,InverseLawOfFertility,LawOfInverseFertility,LawofInverseFertility,LeaveTheCameraRunning,LeftHanging,LikeADaughterToMe,LikeASonToMe,LikeAsonToMe,LikeaSontoMe,OhCrap,PlotTriggeringDeath,RogerEbertGreatMoviesList,SurprisinglyHappyEnding,TeenPregnancy,TeenagePregnancy,Teenpregnancy,TheAlcoholic,TheBreakfastPlot,TheDiseaseThatShallNotBeNamed,TheNounAndTheNoun,TitleDrop,VerbalTic",Secrets And Lies,,0117589
Paw," BanisterSlide,BladeOfGrassCut,DanishMedia,DeathByChildbirth,DisturbedDoves,FilmsOfThe1950s,GangOfBullies,HeartwarmingOrphan,InspirationallyDisadvantaged,KidsAreCruel,MatchCut,MissingMom,OffIntoTheDistanceEnding,OffTheGrid,RoguishPoacher,ShortTitles,TheFilmOfTheBook,ThePlotReaper",Paw,,3121722
Into  The  Forest," ApocalypseHow,BigBlackOut,BigBlackout,CanadaDoesNotExist,CanadianMovies,ChekhovsGunman,ChildByRape,ChildbyRape,CreatorProvincialism,FaceHeelTurn,FilmsOf20152019,Foreshadowing,GasolineLastsForever,GoodGirlsAvoidAbortion,HappierHomeMovie,HappierTimesMontage,LeaningOnTheFourthWall,MinimalistCast,NoBikesInTheApocalypse,NoEnding,NoPeriodsPeriod,ParentalAbandonment,PregnancyScare,RapeAsDrama,RiddleForTheAges,SiblingYinYang,SkewedPriorities,TheWorldsExpertOnGettingKilled,ThisIsMySide,TrashTheSet,TwentyMinutesInTheFuture,TwentyMinutesIntoTheFuture,TwentyminutesintotheFuture,WhatHappenedToTheMouse",Into The Forest,,2625810
Ironclad," AFatherToHisMen,ActionGirl,AlternateHistory,AnArmAndALeg,AnAxeToGrind,AntiVillain,ArcherArchetype,ArmorIsUseless,ArrangedMarriage,ArtisticLicenseHistory,AsLongAsItSoundsForeign,BFS,BadAssArmy,BadassCape,BarbarianLonghair,BattleBallgown,BattleBikini,BattleStrip,BigDamnHeroes,BilingualBonus,BladeOnAStick,BreastPlate,Breastplate,CantTakeCriticism,CarryABigStick,CelibateHero,ChainMailBikini,ChainmailBikini,ChewTheScenery,ChewingTheScenery,ChewingtheScenery,ChristianityIsCatholic,ClusterFBomb,ColdBloodedTorture,ConservationOfNinjutsu,CorruptChurch,CurbStompBattle,DeathByAdaptation,DefiantToTheEnd,DieLaughing,DiesWideOpen,DrivenToSuicide,DropTheHammer,DualWielding,DungAges,DungeonBypass,DwindlingParty,EatTheDog,EpicFlail,EvilIsHammy,Fanservice,FatalFamilyPhoto,FeedMe,FilmsOf20102014,GeniusBruiser,Gorn,GoryDiscretionShot,GrievousHarmWithABody,GrievousHarmWithAbody,GrievousHarmwithaBody,HamToHamCombat,HelmetsAreHardlyHeroic,HeroKiller,HeroicSacrifice,HistoricalDomainCharacter,HollywoodCostuming,HollywoodTorches,ImpromptuTracheotomy,InTheBack,JustifiedTrope,KillEmAll,KillItWithFire,KnightInShiningArmor,KnightInShiningArmour,KnightinShiningArmor,LargeHam,LastStand,LaughingMad,LeaveHimToMe,MacheteMayhem,MagnificentSeven,MagnificentSevenSamurai,MeaningfulName,MenAreTheExpendableGender,NaiveNewcomer,NeverLearnedToRead,NoKillLikeOverkill,NobleTopEnforcer,OneWomanWail,PluckyGirl,PreAssKickingOneLiner,PrivateMilitaryContractors,RagtagBunchOfMisfits,RealLife,RedShirt,RuleOfGlamorous,SacrificialLion,ShownTheirWork,StiffUpperLip,SuspiciouslySmallArmy,TheBigGuy,TheCasanova,TheCavalry,TheDragon,TheDungAges,TheMagnificentSevenSamurai,TheReasonYouSuckSpeech,TheSiege,ThrowingYourSwordAlwaysWorks,VeryLooselyBasedOnATrueStory,VillainousBreakdown,VirginShaming,VowOfCelibacy,WalkOnWater,WalkonWater,WarriorMonk,WreckedWeapon",Ironclad,,1233301
The  Worlds  Greatest  Athlete," AccidentalAthlete,BookEnds,ButtMonkey,ChekhovsGun,ChekhovsSkill,CoolOldGuy,ExitPursuedByABear,Expy,ExtremeDoormat,FilmsOfThe1970s,FishOutOfWater,FriendToAllLivingThings,GentleGiant,HandWave,HiddenDepths,HollywoodVoodoo,HulkSpeak,IOweYouMyLife,IncredibleShrinkingMan,InnocentlyInsensitive,InvokedTrope,JerkAss,JerkWithAHeartOfGold,MightyWhitey,MisplacedWildlife,NatureHero,NewscasterCameo,NosyNeighbor,NotSoAboveItAll,OverprotectiveDad,PapaWolf,RaisedByNatives,RuleOfFunny,SavedToEnslave,ShoutOut,SpoiledBrat,SportsStories,SportsStory,SurroundedByIdiots,TheExitIsThatWay,TheWorldsGreatestAthlete,UndyingLoyalty,VoodooDoll,WeirdnessCensor,WitchDoctor,ZanyScheme",The Worlds Greatest Athlete,,1381609
Spies," ATasteOfTheLash,ActionPrologue,AllPartOfTheShow,AllPartOftheShow,AnswerCut,BeardOfEvil,Blackmail,BloodlessCarnage,BuyThemOff,CarChase,ChekhovsGunman,CigaretteOfAnxiety,CodeName,CurtainCamouflage,CyanidePill,DamselInDistress,DatingCatWoman,DatingCatwoman,DecoyConvoy,DefectingForLove,DrowningMySorrows,EnterStageWindow,EvilCripple,FilmsOfThe1920s,FlashbackCut,GermanFilms,GunStruggle,HaraKiri,HeldGaze,HeroicBSOD,HighHeelFaceTurn,HisNameIs,HoneyPot,IKissYourHand,ImHavingSoulPains,InvisibleWriting,LeaveBehindAPistol,MacGuffin,MakeItLookLikeAnAccident,ManBitesMan,MeetCute,MoneyToBurn,NebulousEvilOrganisation,NebulousEvilOrganization,NebulousEvilorganization,NiceJobFixingItVillain,NoNameGiven,OpiumDen,PocketProtector,RegionalRiff,Seppuku,ShoutOut,Spies,SpyCam,SpyDrama,SpyFi,SpyFiction,SuicidePill,TastyGold,TheMole,TitleCard,TraitorShot,WillTalkForAPrice,WoundedGazelleGambit,WritingIndentationClue,Yellowface",Spies,,5814534
The  Fighting  Prince  Of  Donegal," AgeLift,AnAxeToGrind,AnachronismStew,BadassBeard,BeardOfEvil,BladeOnAStick,BoisterousBruiser,BritishFilms,CallToAgriculture,CannotTellALie,CardboardPrison,DeadGuyJunior,DisguisedInDrag,DividedWeFall,DressingAsTheEnemy,EverythingsLouderWithBagpipes,FakingTheDead,FightingIrish,FilmsOfThe1960s,FinalBattle,GreatEscape,HeroicSacrifice,INeedAFreakingDrink,KnifeThrowingAct,Leitmotif,LoveInterest,LuredIntoATrap,MartialPacifist,NewsTravelsFast,OccupiersOutOfOurCountry,OneHitKill,RebelLeader,RedHeadedHero,ShoutOut,SimpleStaff,StormingTheCastle,SupportingLeader,TheAlcatraz,TheClan,TheDragon,TheGhost,TheLoad,TheStrategist,ViolenceIsTheOnlyOption,WhatHappenedToTheMouse",The Fighting Prince Of Donegal,,0060408
Battal  Gazi," AMinorKidroduction,ATasteOfTheLash,AffablyEvil,AgeCut,AlmostDeadGuy,AlternateContinuity,AnArmAndALeg,AnAxToGrind,AnnoyingArrows,ArcherArchetype,AuthorityEqualsAsskicking,BadassFamily,BeatThemAtTheirOwnGame,BigBad,BigBadassBattleSequence,BigDamnReunion,BlackFace,Blackface,BurnTheWitch,CarryABigStick,ChainPain,ClimbingClimax,ColdBloodedTorture,ContinuityReboot,CoupDeGrace,DeadlyDisc,DefeatMeansRespect,Deprogram,DespairEventHorizon,DirtyCoward,DrivenToSuicide,DualWielding,DuelToTheDeath,EpicFilm,EpicMovie,EyeScream,EyepatchOfPower,EyesAreMental,FakeOutOpening,FilmsOfThe1970s,FinalBattle,ForTheEvulz,ForcedToWatch,Foreshadowing,GoodHairEvilHair,GoodOldFisticuffs,GroinAttack,HeelFaceTurn,HeyYouHaymaker,HidingInAHijab,HoistByHisOwnPetard,HookHand,HorsebackHeroism,HumanPincushion,IKnowYoureInThereSomewhereFight,ImpaledWithExtremePrejudice,ImprobableAimingSkills,ImpromptuTracheotomy,InASingleBound,InTheHood,InfantImmortality,ItsPersonal,KarmicDeath,KnifeFight,KnifeNut,LaResistance,MadeOfIron,MalevolentMaskedMen,MasterSwordsman,MenOfSherwood,MindManipulation,MookLieutenant,MosesInTheBullrushes,MultiShot,Multishot,NiceHat,OneManArmy,PaperThinDisguise,PreMortemOneLiner,ProngsOfPoseidon,PurpleIsPowerful,RailingKill,RaisedByRival,RapeIsASpecialKindOfEvil,RedshirtArmy,Retcon,ScaryScorpions,ScrewThisImOuttaHere,ShirtlessCaptives,SphereFactor,SpinOffspring,StormingTheCastle,SuddenSequelDeathSyndrome,SuspiciouslySimilarSong,SwordFight,Swordfight,ThoughtYouWereDead,ThrowABarrelAtIt,TightropeWalking,TimeSkip,TitleDrop,TurkishMedia,UnwillingSuspension,WackyWaysideTribe,WalkingShirtlessScene,WeaponOfChoice,WhatHappenedToTheMouse,WorkingOnTheChainGang,WorthyOpponent,YouKilledMyFather",Battal Gazi,,0282140
Viva  Villa," AMinorKidroduction,ATasteOfTheLash,AlliterativeTitle,Alliterativetitle,BloodFromTheMouth,BrownFace,Brownface,ButNowIMustGo,CallBack,CirclingVultures,CruelAndUnusualDeath,DeadGuyOnDisplay,ExcitedShowTitle,FanserviceExtra,FilmsOfThe1930s,GrayRainOfDepression,HaveAGayOldTime,IndexOfFilmWesterns,InvulnerableHorses,ItsPersonal,KangarooCourt,LeaveNoSurvivors,LiteralAssKicking,LovableCoward,NeverLearnedToRead,NoPlaceForMeThere,NoQuarter,PuttingTheBandBackTogether,TakeNoPrisoners,TheCasanova,TheRevolutionWillNotBeCivilised,TheRevolutionWillNotBeCivilized,VeryLooselyBasedOnATrueStory",Viva Villa,,0025948
Duplicity," AnachronicOrder,AsianAndNerdy,BatmanGambit,BriefAccentImitation,ChronicBackstabbingDisorder,ConMenHateGuns,CorporateWarfare,EveryoneHasStandards,FakeDefector,FilmsOf20052009,Flashback,Foreshadowing,GambitPileup,HappilyEverAfter,HollywoodHomely,InMediasRes,InsistentTerminology,IronicEcho,KansasCityShuffle,MockGuffin,MultipleIdentityIDs,OneWePreparedEarlier,OneWordTitle,ShaggyDogStory,SharpDressedMan,SplitScreen,TheChessmaster,TheMole,TheSchlubPubSeductionDeduction,TitleIn,WorthIt,WorthlessTreasureTwist,WunzaPlot",Duplicity,,1135487
Three  Coins  In  The  Fountain," AtTheOperaTonight,DrowningMySorrows,FilmsOfThe1950s,FriendsRentControl,GoldDigger,HandWave,NaiveNewcomer,NonIndicativeName,ObliviousToLove,SceneryPorn,TheAllegedCar,TheDiseaseThatShallNotBeNamed,WishingWell,YourDaysAreNumbered",Three Coins In The Fountain,,0047580
Pulse," ChewingTheScenery,DepartmentOfRedundancyDepartment,ExplosiveOverclocking,EyeScream,FailsafeFailure,FilmsOfThe1980s,HangingByTheFingers,HauntedTechnology,HikikoMori,Hikikomori,HikkikoMori,Hikkikomori,HorrorFilms,InscrutableAliens,MeaningfulBackGroundEvent,MeaningfulBackgroundEvent,RoomFullOfCrazy,RoomfullOfCrazy,SignificantBackgroundEvent,TrashTheSet,TruthInTelevision,WorksNeedingTropes",Pulse,,0286751
To  The  Bone," AllMenArePerverts,AllPsychologyIsFreudian,AngerBornOfWorry,BlackComedy,ButICantBePregnant,CampStraight,ClusterFBomb,DeadpanSnarker,EroticEating,EstablishingCharacterMoment,FanDisservice,FilmsOf20152019,FireForgedFriends,FlippingTheBird,FreudianExcuse,FromBadToWorse,GayBravado,HairOfGoldHeartOfGold,HatesBeingTouched,HospitalHottie,HowlOfSorrow,ImGoingToHellForThis,Ingenue,InvokedTrope,JerkAssHasAPoint,Lampshaded,MadnessMantra,MarriedToTheJob,MeaningfulName,MeaningfulRename,MentalHealthRecoveryArc,NietzscheWannabe,NoEnding,NoSenseOfPersonalSpace,ParentalAbandonment,RagtagBunchOfMisfits,RapeAsBackstory,RealDreamsAreWeirder,SilentSnarker,StealthPun,StupidSexyFlanders,TheIngenue,TheReveal,TherapyIsForTheWeak,TomboyAndGirlyGirl,TomboyishName,TrademarkFavoriteFood,TrueCompanions,TruthInTelevision,UnkemptBeauty,YumYum",To The Bone,,5541240
Garde  A  Vue," AccuseTheWitness,ArmorPiercingQuestion,BeAsUnhelpfulAsPossible,BerserkButton,BigSecret,BitchInSheepsClothing,BreakThemByTalking,ByTheBookCop,ChekhovsGunman,ConvenientlyUnverifiableCoverStory,DisapprovingLook,DownerEnding,DudeNotFunny,ExasperatedPerp,ExiledToTheCouch,FalseConfession,FemmeFatale,FilmsOfThe1980s,ForeignRemake,Foreshadowing,FrenchFilms,GallowsHumor,GoodAdulteryBadAdultery,GoodSmokingEvilSmoking,GreenEyedMonster,ILoveTheDead,MarriageOfConvenience,MiningAccidentOnTroy,OnlyBadGuysCallTheirLawyers,PaedoHunt,PerpSweating,PoliceBrutality,SecretKeeper,StepfordSnarker,TroubledBackstoryFlashback,UglyGuyHotWife",Garde A Vue,,0082436
Drowning  Mona," AllegedCar,CharacterTitle,CluelessDeputy,EVeryCarIsAPinto,EveryCarIsAPinto,EveryCarisaPinto,EverybodyDidIt,EverybodyOwnsAFord,EveryoneIsASuspect,FilmsOf20002004,JailBaitWait,JailbaitWait,LoveFatherLoveSon,MagicBrakes,PostHumousCharacter,PosthumousCharacter,TheAllegedCar,TheJailBaitWait,TheJailbaitWait,TitleCharacter,VerbingNouny,WhoMurderedTheAsshole",Drowning Mona,,0186045
Sadie  Mckee," BrokenBird,FilmsOfThe1930s,GoldDigger,IncurableCoughOfDeath,LovableRogue,MoneyToThrowAway,OpportunisticBastard,TheAlcoholic,TheTeetotaler,WouldHitAGirl",Sadie Mckee,,0025740
The  Dirty  Dozen," AccidentalMurder,ActionizedAdaptation,ActorAllusion,AdaptationNameChange,AdaptedOut,AfterActionReport,AgeLift,AlliterativeTitle,Alliterativetitle,AmbiguouslyJewish,AntiWarMovie,AnyoneCanDie,AppropriatedAppelation,AppropriatedAppellation,ArmyOfThievesAndWhores,ArtisticLicenseGunSafety,ArtisticLicenseMilitary,AssholeVictim,AxCrazy,AxisSally,BerserkButton,BirthdayHater,BittersweetEnding,BlackAndGreyMorality,BlackDudeDiesFirst,BlackDudediesfirst,BlackGirlDiesFirst,BlackGuyDiesFirst,BoomHeadshot,BoxedCrook,ByWallThatIsHoley,CharactersDroppingLikeFlies,ChromosomeCasting,CombatPragmatist,CompositeCharacter,CoolGuns,CreativeDifferences,CrimeOfSelfDefense,CunningLinguist,CutHimselfShaving,CutPhoneLines,DeadMansTriggerFinger,DeadpanSnarker,DeathByAdaptation,DeliberateValuesDissonance,DemotedToExtra,DiesDifferentlyInAdaptation,DirtyCoward,DoNotDoThisCoolThing,DoesNotKnowHisOwnStrength,DoesThisRemindYouOfAnything,DontDoThisCoolThing,DownerBeginning,DressingAsTheEnemy,DrillSergeantNasty,DroppedABridgeOnHim,DubNameChange,DumbIsGood,DuringTheWar,DwindlingParty,EndingAversion,EnemyMine,EvilIsPetty,FalseFlagOperation,FilmsOfThe1960s,Foreshadowing,GenreSavvy,GenreShift,GentleGiant,GlasgowKiss,GloryHound,GotVolunteered,GrizzledVeteran,HateSink,HeroicSacrifice,HolierThanThou,HospitalEpilogue,ImmodestOrgasm,ImpossibleMissionCollapse,IncessantChorus,IntroDump,Introdump,JustAGangster,JustAStupidAccent,KillEmAll,KillThemAll,KilledOffScreen,KillemAll,LastSupperSteal,LawfulStupid,LeaningOnTheFourthWall,LeaveNoSurvivors,LetterBoxArson,LetterboxArson,LockedInAFreezer,LooksLikeSheIsEnjoyingIt,LoopholeAbuse,LovesTheSoundOfScreaming,LovesToHearThemScream,LovestheSoundofScreaming,MadeOfExplodium,MajorlyAwesome,ManChild,MarketBasedTitle,MeaningfulName,MegatonPunch,MilitaryAndWarfareFilms,MilitaryMaverick,MisfitMobilizationMoment,MissingInAction,MissionBriefing,ModelPlanning,MurderersAreRapists,NWordPrivileges,NoOSHACompliance,NoQuarter,NotSoDifferent,NumberedSequel,NumberedSequels,ObligatoryWarCrimeScene,OffTheShelfFX,OldSoldier,OutOfGenreExperience,OutrankingYourJob,ParachuteInATree,PatrickStewartSpeech,PayEvilUntoEvil,Polyglot,ProfessionalGambler,PsychoPartyMember,RagtagBunchOfMisfits,RapeIsASpecialKindOfEvil,RatedMForManly,RatedMforManly,RealityEnsues,RecruitingTheCriminal,RetIrony,Retirony,ScreamingWoman,ScrewTheWarWerePartying,Sexophone,SnuffFilm,SoMuchForStealth,SociopathicHero,SociopathicSoldier,SoleSurvivor,SoundOnlyDeath,SouthernFriedPrivate,SpillStainSabotage,StrawMisogynist,StupidEvil,SuicideMission,SurprisinglyEliteCannonFodder,SympatheticMurderer,TakeNoPrisoners,TeamKiller,TeamTitle,TemptingFate,TheBlackDudeDiesFirst,TheDitz,TheFundamentalist,TheImmodestORGASM,TheImmodestOrgasm,TheLancer,TheMole,TheNeidermeyer,TheNotableNumeral,ThePardon,TheRadioDiesFirst,TheSquad,ThoseWackyNazis,TitleDrop,TokenEvilTeamMate,TokenEvilTeammate,TokenGoodTeammate,TokenMinority,TokyoRose,TradingBarsForStripes,TropeCodifier,TruffautWasRight,UnexpectedGenreChange,UnspokenPlanGuarantee,UseYourHead,WarIsHell,WordAssociationTest,WorksSetInWorldWarII,YouAllMeetInACell",The Dirty Dozen,,0061578
Make  Me  A  Man," BriefcaseFullOfMoney,ChekhovsGun,DrowningMySorrows,Fanservice,FilmsOf20152019,Foreshadowing,GlassesPull,ImagineSpot,MistakenForGay,MongolianMedia,SayMyName,StockingFiller,SuddenlyVoiced,TheMatchmaker,ThrowingOffTheDisability,TimePassesMontage,ToplessnessFromTheBack",Make Me A Man,,28393516
Hayride2," AbusiveParent,BloodFromTheMouth,BloodfromTheMouth,CoughingUpBlood,DamselInDistress,DamselinDistress,DamselsInDistress,DistressedDamsel,EveryoneHasPistols,FacialHorror,FilmsOf20152019,Flashback,HandGuns,Handgun,Handguns,HorrorFilms,OverTheShoulderCarry,PaperThinDisguise,PoliceAreUseless,SlasherFilm,SlasherMovie,TheEndOrIsIt,TheReveal,WhiteBunny",Hayride2,,2924352
Monty  Pythons  The  Meaning  Of  Life," APirate400YearsTooLate,AcceptableProfessionalTargets,AcceptableReligiousTargets,AdvertisingOnlyContinuity,AgeInappropriateArt,AllMenArePerverts,AndShowItToYou,AnimatedCreditsOpening,AnthologyFilm,AntiChristmasCarol,AntiChristmasSong,AntichristmasSong,Anticlimax,ArmorPiercingQuestion,ArtisticLicenseBiology,AsideGlance,AtomicFBomb,AudienceParticipation,BackForTheFinale,BalloonBelly,BannedInBoston,BannedInChina,BannedinChina,BeastWithAHumanFAce,BeastWithAHumanFace,BeepingComputer,BeepingComputers,BestialityIsDepraved,BestialityisDepraved,BirdCaged,Birdcaged,BlatantLies,BloodyHilarious,BobFromAccounting,BoltOfDivineRetribution,BoltofDivineRetribution,BookEnds,BoxedSet,BrickJoke,BritishBrevity,BritishFilms,BritishStuffiness,CallingYourNausea,CasualDangerDialog,CasualDangerDialogue,CherryTapping,ChocolateBaby,ChristmasEpisode,ChristmasEveryDay,ChronicallyKilledActor,ChuckingChalk,ClownCarBase,ComedyGhetto,Comedyghetto,CoolAndUnusualPunishment,CorporateWarfare,Corpsing,CowTools,CreatorThumbprint,CreepilyLongArms,CreepyLongArms,CrowdSong,Cuckold,CueTheFlyingPigs,CurtainCall,DarkerAndEdgier,DeathByGluttony,DeathByIrony,DeliveryStork,DiagonalCut,DialogueTree,DirectorTrademark,DisneyVillainDeath,DoesNotUnderstandSarcasm,DrillSergeantNasty,DumbassHasAPoint,EagleLand,Eagleland,EducationalSong,EnforcedMethodActing,EqualOpportunityOffender,ExactlyWhatItSaysOnTheTin,ExaggeratedTrope,ExcuseMeWhileIMultitask,ExcusePlot,ExecutiveSuiteFight,FakeAmerican,FakeOutOpening,FakePeriodExcuse,FakeoutOpening,FanserviceExtra,FatBastard,FatSlob,FatSuit,FilmsOfThe1980s,FluffyCloudHeaven,FridgeLogic,FromEntertainmentToEducation,FullBodyDisguise,FunWithAcronyms,FunnyBackgroundEvent,FunnyForeigner,GagBoobs,Gainaxing,GodlySidestep,GrandFinale,GratuitousFrench,GreekChorus,GrimReaper,GrossOutShow,GuiltByAssociationGag,GymClassHell,HamsterWheelPower,HaventYouSeenXBefore,Heaven,HighClassGlass,HollywoodApocrypha,HospitalGurneyScene,HostileShowTakeOver,HostileShowTakeover,HowWouldYouLikeToDie,HumansAreMorons,HurricaneOfEuphemisms,HyperspaceBase,HypocriticalHumour,ICallHImMisterHappy,ICallHimMisterHappy,ICallHimMrHappy,IHaveToGoIronMyDog,IHaveToIronMyDog,IHaveToWashMyHair,INeedToGoIronMyDog,INeedToIronMyDog,INeedtoGoIronMyDog,ImperturbableEnglishman,InCaseYouForgotWhoWroteIt,IncompetenceInc,ItCameFromTheFridge,JabbaTableManners,JoblessParentDrama,KidsRock,LampshadeHanging,LastRequest,LastStraw,LeaningOnTheFourthWall,Leitmotif,ListSong,LittleNo,LongList,LongestPrologueEver,LoopingLines,LoungeLizard,LudicrousGibs,LyricalDissonance,MajorityShareDictator,MakesJustAsMuchSenseInContext,MassiveNumberedSiblings,MassivelyNumberedSiblings,MatchCut,MauriceChevalierAccent,MeatGrinderSurgery,MeatgrinderSurgery,MegaCorp,Megacorp,MisplacedWildlife,MisterStrangenoun,ModularEpilogue,MoneySong,MundaneAfterlife,MyCountryTisOfTheeThatISting,NecktieHeadband,NippleAndDimed,NippledAndDimed,NoIndoorVoice,NoIntelligentLifeHere,NooseNecktie,NotActuallyTheUltimateQuestion,NotDistractedByTheSexy,NotInFrontOfTheKid,NotInFrontOfTheParrot,NotableCommercialCampaigns,OOpNorth,OhCrap,OminousPipeOrgan,OnceForYesTwiceForNo,OnlySaneMan,OnlySixFaces,OohMeAccentsSlipping,OopNorth,OrganLegging,OrganTheft,Organlegging,OutGivingBirthBackInTwoMinutes,OverlyLongGag,ParodiedTrope,PlayedForLaughs,PopGoesTheHuman,ProlongedPrologue,ProneToVomiting,RacistGrandma,RacistGrandpa,RewardingInactivity,RhetoricalQuestionBlunder,RugbyIsSlaughter,SandIsWater,SarcasmBlind,ScienceMarchesOn,SelfDeprecation,SexMiseducationClass,SexlessMarriage,ShooOutTheClowns,ShoutOut,SillyPrayer,SkewedPriorities,SlaveGalley,SmiteMeOMightySmiter,SmiteMeOhMightySmiter,SoBadItsGood,SoundtrackDissonance,SpacePirate,SpacePirates,SpontaneousChoreography,StiffUpperLIp,StiffUpperLip,StockBritishPhrases,StrollingThroughTheChaos,StuffyBrit,StupidBoss,SurpriseCreepy,SurprisePregnancy,SurrealHorror,SuspiciouslySpecificDenial,SymbolDrawingInterface,THeGrimReaper,TemptingFate,TertiarySexualCharacteristic,TertiarySexualCharacteristics,TheFoodPoisoningIncident,TheGrimReaper,TheHandIsGod,TheHedonist,TheHilarityOfHats,TheLastStraw,TheLongList,TheMeaningOfLife,TheMelBrooksNumber,TheOner,TheReasonYouSuckSpeech,TheSomethingSong,TheUnreveal,TheVicar,TheWorldIsJustAwesome,TheyShouldHaveSentAPoet,UnnecessaryRoughness,UnusuallyUninterestingSight,VisualPun,VomitIndiscretionShot,VulgarHumour,WaitingPuzzle,WalkThePlank,WalkingThePlank,WalkingTransplant,WeirdJapaneseThing,WhileRomeBurns,WidgetSeries,WingedSoulFliesOffAtDeath,YouGetMeCoffee",Monty Pythons The Meaning Of Life,,0085959
Rocketman," AbusiveParents,AdaptedOut,AdultFear,AmbiguousSyntax,AmicableExes,AnachronismStew,AndStarring,AnguishedDeclarationOfLove,ArsonMurderAndJaywalking,ArtisticLicenseHistory,AutoErotica,AwardBaitSong,AwesomenessByAnalysis,BabiesEverAfter,BaitTheDog,BastardBoyfriend,BeYourself,BeautyInversion,Bifauxnen,BioPic,Biopic,BookEnds,BritishFilms,BungledSuicide,ButNotTooGay,CampGay,CareerResurrection,ChildProdigy,ClusterFBomb,CoolOldLady,CoolShades,CountryMatters,CreativeClosingCredits,CriticalResearchFailure,DarkerAndEdgier,DeadpanSnarker,DestructiveRomance,DisappearedDad,DoesThisRemindYouOfAnything,DomesticAbuse,DrivenToSuicide,EarnYourHappyEnding,EnforcedTrope,ExtremeDoormat,FantasyForbiddingFather,FilmsOf20152019,ForcedOutOfTheCloset,ForegoneConclusion,FunnyBackgroundEvent,Futureshadowing,Gayngst,GetAHoldOfYourselfMan,GilliganCut,GoodStepmother,GoodTimesMontage,HeroicBystander,HeterosexualLifePartners,HistoricalBeautyUpgrade,HistoricalVillainUpgrade,HopeCrusher,HopeSpot,HowWeGotHere,IncompatibleOrientation,InnocentSwearing,InnocentlyInsensitive,ItsAllAboutMe,JerkAss,JukeBoxMusical,JukeboxMusical,Keet,LineOfSightName,LineofSightName,LivingEmotionalCrutch,MeaningfulBackgroundEvent,MoodWhiplash,Motif,MushroomSamba,MusicStories,MythologyGag,NotMakingThisUpDisclaimer,NotMakingthisUpDisclaimer,OpenMindedParent,ParentalNeglect,ParentsAsPeople,PetTheDog,PlatonicLifePartners,PlayedForDrama,PlayingGertrude,PowerWalk,ProductPlacement,QueerMedia,RaisedByGrandparents,RealLife,RockBottom,RocketMan,RuleOfSymbolism,RunningGag,SadClown,ScrewThisImOuttaHere,SharpDressedMan,ShoutOut,SignificantWardrobeShift,StarringAStarAsAStar,StepfordSmiler,StraightGay,TagLine,ThatManIsDead,TheAlcoholic,TheBeard,TheConscience,TheDitz,TheEighties,TheFabulousFifties,TheFifties,TheOneThatGotAway,ThePowerOfFriendship,TheSeventies,TheSixties,TheUnfavourite,TitledAfterTheSong,TriumphantReprise,TruthInTelevision,UnlimitedWardrobe,UnreliableNarrator,VeryLooselyBasedOnATrueStory,VeryLooselyBasedOnaTrueStory,WhereAreTheyNowEpilogue,WordOfGod",Rocketman,2019,2066051
Fyre  Fraud," AdorablyPrecociousChild,AllDevouringBlackHoleLoanSharks,AllDevouringBlackholeLoanSharks,AnswerCut,BlatantLies,CharacterBlog,ConMan,DescriptionCut,Documentary,DoesThisRemindYouOfAnything,DuelingMovies,FilmsOf20152019,HereWeGoAgain,HopeSpot,KarmaHoudini,LoanShark,NeverMyFault,RefugeInAudacity,SesquipedalianLoquaciousness,ShoddyShindig,SmugSnake,TakeThat,TheLastOfTheseIsNotLikeTheOthers,TraumaCongaLine",Fyre Fraud,,7843600
Narc," AdultFear,BadassLongcoat,BittersweetEnding,BlackAndGrayMorality,BloodFromTheMouth,BoomHeadshot,CaliforniaDoubling,ChaseScene,ClusterFBomb,CrapsackWorld,DarkerAndEdgier,DirtyCop,FilmsOf20002004,Flashback,FriendlyFireIndex,GangBangers,GangstaStyle,GoneHorriblyWrong,GoodIsNotNice,IJustShotMarvinInTheFace,ImprobableUseOfAWeapon,ImprobableWeaponUsage,InternalAffairs,JackBauerInterrogationTechnique,JerkWithAHeartOfGold,KnightTemplar,LetMeTellYouAStory,ManlyTears,MoralityPet,NeverSuicide,NoHoldsBarredBeatdown,NobleBigotWithABadge,NobleBigotwithaBadge,OnlyAFleshWound,PapaWolf,ParentalSubstitute,RabidCop,RashomonEffect,RashomonPlot,RashomonStyle,RecklessGunUsage,RedemptionQuest,SadisticChoice,ScrewTheRulesImDoingWhatsRight,ShaggyDogStory,SlidingScaleOfIdealismVersusCynicism,SlidingScaleOfShinyVersusGritty,SuicideNotMurder,TheCityNarrows,TheRashomon,WifeBasherBasher",Narc,,0272207
Ju  Rei," AnachronicOrder,BackToFront,CreepyChild,DaylightHorror,DemonicPossession,DirectToVideo,EvilSoundsDeep,ExcusePlot,GhostStory,HellIsThatNoise,HorrorFilms,InfantImmortality,InformedAttribute,JapaneseFilms,JumpScare,KillEmAll,KillTheCutie,LeaveTheCameraRunning,LeavetheCameraRunning,LightFlickerTeleportation,MeaningfulBackGroundEvent,MeaningfulBackgroundEvent,MindScrew,MockBuster,Mockbuster,NeverFoundTheBody,NiceGirl,NoBudget,NoEnding,NothingIsScarier,SignificantBackgroundEvent,StringyHairedGhostGirl,TheFourthWallWillNotProtectYou,TheMockBuster,TheMockbuster,TheVirus",Ju Rei,,0445483
